Date,Open,High,Low,Close,Volume,ticker,asset_class
2019-11-01,15.705,15.775,15.642,15.775,5519,BUG,alt
2019-11-04,15.834,15.864,15.755,15.755,6658,BUG,alt
2019-11-05,15.725,15.725,15.725,15.725,262,BUG,alt
2019-11-06,15.844,15.864,15.781,15.864,5304,BUG,alt
2019-11-07,15.844,15.844,15.844,15.844,707,BUG,alt
2019-11-08,16.022,16.179,16.022,16.179,875,BUG,alt
2019-11-11,17.607,17.607,15.983,16.25,5088,BUG,alt
2019-11-12,16.23,16.398,16.23,16.398,1455,BUG,alt
2019-11-13,16.408,16.477,16.408,16.439,967,BUG,alt
2019-11-14,16.575,16.575,16.487,16.508,3107,BUG,alt
2019-11-15,16.576,16.596,16.544,16.576,1840,BUG,alt
2019-11-18,16.676,16.782,16.527,16.74,6716,BUG,alt
2019-11-19,16.874,16.998,16.864,16.958,6818,BUG,alt
2019-11-20,16.923,17.05,16.834,16.834,1822,BUG,alt
2019-11-21,16.923,16.952,16.816,16.869,5266,BUG,alt
2019-11-22,16.929,16.929,16.864,16.874,2498,BUG,alt
2019-11-25,16.923,17.147,16.923,17.12,2485,BUG,alt
2019-11-26,17.053,17.053,16.954,16.993,1504,BUG,alt
2019-11-27,17.003,17.068,16.973,17.068,2951,BUG,alt
2019-11-29,17.023,17.101,17.003,17.072,863,BUG,alt
2019-12-02,17.13,17.13,16.726,16.79,3206,BUG,alt
2019-12-03,16.656,16.736,16.576,16.736,2386,BUG,alt
2019-12-04,16.755,16.755,16.706,16.711,6008,BUG,alt
2019-12-05,16.716,16.716,16.653,16.653,1984,BUG,alt
2019-12-06,16.626,16.626,16.626,16.626,396,BUG,alt
2019-12-09,16.527,16.527,16.488,16.488,2944,BUG,alt
2019-12-10,16.524,16.57,16.443,16.443,1593,BUG,alt
2019-12-11,16.398,16.418,16.27,16.324,2998,BUG,alt
2019-12-12,16.329,16.329,16.319,16.32,2936,BUG,alt
2019-12-13,16.423,16.498,16.423,16.498,274,BUG,alt
2019-12-16,16.626,16.626,16.576,16.611,948,BUG,alt
2019-12-17,16.576,16.576,16.541,16.547,1922,BUG,alt
2019-12-18,16.543,16.562,16.542,16.542,759,BUG,alt
2019-12-19,16.656,16.666,16.656,16.666,665,BUG,alt
2019-12-20,16.617,16.617,16.537,16.537,369,BUG,alt
2019-12-23,16.686,16.686,16.626,16.649,990,BUG,alt
2019-12-24,16.713,16.713,16.639,16.696,1748,BUG,alt
2019-12-26,16.785,16.807,16.763,16.765,13823,BUG,alt
2019-12-27,16.636,16.686,16.616,16.671,1839,BUG,alt
2019-12-30,16.745,16.745,16.408,16.468,6365,BUG,alt
2019-12-31,16.517,16.527,16.453,16.483,2293,BUG,alt
2020-01-02,16.578,16.785,16.578,16.728,6075,BUG,alt
2020-01-03,16.625,16.814,16.625,16.795,1213,BUG,alt
2020-01-06,16.914,17.191,16.809,17.156,12364,BUG,alt
2020-01-07,17.191,17.289,17.164,17.251,21485,BUG,alt
2020-01-08,17.271,17.483,17.257,17.419,36597,BUG,alt
2020-01-09,17.568,17.568,17.439,17.469,21656,BUG,alt
2020-01-10,17.633,17.648,17.488,17.528,23174,BUG,alt
2020-01-13,17.648,17.845,17.608,17.802,11056,BUG,alt
2020-01-14,17.845,17.885,17.579,17.781,23672,BUG,alt
2020-01-15,17.796,18.056,17.796,17.916,8401,BUG,alt
2020-01-16,18.053,18.132,17.954,18.093,19273,BUG,alt
2020-01-17,18.29,18.29,17.868,17.969,17776,BUG,alt
2020-01-21,18.073,18.083,17.915,17.915,10615,BUG,alt
2020-01-22,18.043,18.152,17.935,17.955,7181,BUG,alt
2020-01-23,17.974,18.063,17.91,17.95,5075,BUG,alt
2020-01-24,18.103,18.182,17.899,17.945,12084,BUG,alt
2020-01-27,17.706,17.726,17.447,17.558,8057,BUG,alt
2020-01-28,17.568,17.686,17.568,17.634,7563,BUG,alt
2020-01-29,17.696,17.726,17.608,17.647,9135,BUG,alt
2020-01-30,17.528,17.638,17.439,17.638,7731,BUG,alt
2020-01-31,17.726,17.726,17.38,17.439,6464,BUG,alt
2020-02-03,17.638,17.638,17.398,17.586,4421,BUG,alt
2020-02-04,17.746,17.969,17.726,17.961,3944,BUG,alt
2020-02-05,18.27,18.27,17.855,17.898,8068,BUG,alt
2020-02-06,17.944,18.063,17.944,18.014,5050,BUG,alt
2020-02-07,18.172,18.172,17.965,18.043,6436,BUG,alt
2020-02-10,17.875,18.28,17.875,18.191,8987,BUG,alt
2020-02-11,18.191,18.27,18.063,18.083,6399,BUG,alt
2020-02-12,18.132,18.132,17.703,17.874,7696,BUG,alt
2020-02-13,17.845,18.004,17.845,17.885,11964,BUG,alt
2020-02-14,18.023,18.023,17.868,17.965,2934,BUG,alt
2020-02-18,18.014,18.022,17.888,17.989,6452,BUG,alt
2020-02-19,18.162,18.182,18.084,18.103,73113,BUG,alt
2020-02-20,18.083,18.163,17.736,18.003,13126,BUG,alt
2020-02-21,17.875,17.875,17.389,17.462,36135,BUG,alt
2020-02-24,16.874,17.111,16.822,16.953,19201,BUG,alt
2020-02-25,17.083,17.083,16.259,16.359,19762,BUG,alt
2020-02-26,16.527,16.626,16.246,16.262,6175,BUG,alt
2020-02-27,16.101,16.2,15.606,15.856,10821,BUG,alt
2020-02-28,15.377,15.754,15.28,15.654,43763,BUG,alt
2020-03-02,16.041,16.291,15.754,16.186,16209,BUG,alt
2020-03-03,16.215,16.341,15.576,15.724,7469,BUG,alt
2020-03-04,15.931,16.141,15.853,16.126,5917,BUG,alt
2020-03-05,15.883,16.141,15.764,15.809,16216,BUG,alt
2020-03-06,15.606,15.704,15.167,15.303,12470,BUG,alt
2020-03-09,14.635,14.754,13.963,14.095,11890,BUG,alt
2020-03-10,14.466,14.545,14.01,14.492,8571,BUG,alt
2020-03-11,14.248,14.306,13.673,13.886,9279,BUG,alt
2020-03-12,12.851,13.333,12.553,12.684,20407,BUG,alt
2020-03-13,12.94,13.338,12.458,13.12,10264,BUG,alt
2020-03-16,10.919,12.643,10.919,12.42,22442,BUG,alt
2020-03-17,12.019,12.751,12.019,12.659,3726,BUG,alt
2020-03-18,12.366,12.692,11.753,11.876,7801,BUG,alt
2020-03-19,12.232,12.688,12.232,12.688,2864,BUG,alt
2020-03-20,12.93,13.472,12.845,12.845,1631,BUG,alt
2020-03-23,12.841,13.158,12.566,13.083,4933,BUG,alt
2020-03-24,13.981,14.17,13.83,14.162,18603,BUG,alt
2020-03-25,14.268,14.737,14.268,14.352,3703,BUG,alt
2020-03-26,14.348,14.891,14.348,14.891,7265,BUG,alt
2020-03-27,14.516,14.878,14.494,14.773,2859,BUG,alt
2020-03-30,14.843,14.923,14.825,14.831,2599,BUG,alt
2020-03-31,14.952,15.014,14.7,14.7,3511,BUG,alt
2020-04-01,14.644,14.644,14.313,14.313,2070,BUG,alt
2020-04-02,14.278,14.397,14.115,14.222,1158,BUG,alt
2020-04-03,14.195,14.274,13.958,14.039,7441,BUG,alt
2020-04-06,14.642,14.819,14.55,14.819,1991,BUG,alt
2020-04-07,14.972,14.972,14.608,14.676,5221,BUG,alt
2020-04-08,14.695,15.2,14.695,15.134,3375,BUG,alt
2020-04-09,15.406,15.406,15.117,15.23,5290,BUG,alt
2020-04-13,15.387,15.387,15.061,15.25,1829,BUG,alt
2020-04-14,15.576,15.821,15.569,15.596,3045,BUG,alt
2020-04-15,15.457,15.634,15.457,15.634,401,BUG,alt
2020-04-16,15.853,16.121,15.853,16.009,7306,BUG,alt
2020-04-17,16.289,16.289,15.952,16.121,6277,BUG,alt
2020-04-20,16.101,16.587,16.101,16.38,8824,BUG,alt
2020-04-21,16.229,16.229,15.56,15.789,9345,BUG,alt
2020-04-22,16.121,16.181,15.885,16.065,7896,BUG,alt
2020-04-23,16.193,16.193,15.972,16.06,1222,BUG,alt
2020-04-24,15.977,16.335,15.977,16.335,4785,BUG,alt
2020-04-27,16.552,16.736,16.552,16.702,3395,BUG,alt
2020-04-28,16.943,16.943,16.403,16.448,4047,BUG,alt
2020-04-29,16.646,16.834,16.557,16.729,6524,BUG,alt
2020-04-30,16.696,16.833,16.646,16.768,31529,BUG,alt
2020-05-01,16.537,16.537,16.081,16.349,14488,BUG,alt
2020-05-04,16.329,16.438,16.219,16.329,6292,BUG,alt
2020-05-05,16.779,16.943,16.726,16.841,3927,BUG,alt
2020-05-06,16.993,17.146,16.978,17.063,7725,BUG,alt
2020-05-07,17.496,17.925,17.496,17.915,11243,BUG,alt
2020-05-08,18.875,18.875,17.683,17.91,74346,BUG,alt
2020-05-11,17.895,18.31,17.895,18.223,26796,BUG,alt
2020-05-12,18.449,18.449,17.848,17.875,14914,BUG,alt
2020-05-13,17.904,17.955,17.181,17.31,16837,BUG,alt
2020-05-14,17.251,17.538,17.093,17.534,3593,BUG,alt
2020-05-15,17.518,17.748,17.518,17.637,10942,BUG,alt
2020-05-18,17.875,18.083,17.756,17.905,101904,BUG,alt
2020-05-19,17.857,17.989,17.85,17.884,7940,BUG,alt
2020-05-20,18.152,18.419,18.152,18.31,25030,BUG,alt
2020-05-21,18.231,18.28,18.014,18.123,7911,BUG,alt
2020-05-22,18.132,18.439,18.132,18.347,5768,BUG,alt
2020-05-26,18.655,18.944,18.429,18.434,14580,BUG,alt
2020-05-27,18.806,18.806,17.568,18.195,26145,BUG,alt
2020-05-28,18.083,18.712,18.083,18.424,14863,BUG,alt
2020-05-29,18.549,19.321,18.549,19.272,20526,BUG,alt
2020-06-01,19.47,20.074,19.396,19.986,324566,BUG,alt
2020-06-02,20.114,20.144,19.421,19.767,99560,BUG,alt
2020-06-03,19.966,20.025,19.679,19.822,60015,BUG,alt
2020-06-04,19.956,19.956,19.222,19.381,36962,BUG,alt
2020-06-05,19.172,19.469,19.146,19.292,31324,BUG,alt
2020-06-08,19.302,19.607,19.074,19.568,29135,BUG,alt
2020-06-09,19.46,19.564,19.326,19.435,8596,BUG,alt
2020-06-10,19.549,19.688,19.47,19.589,7388,BUG,alt
2020-06-11,19.192,19.381,18.577,18.647,29620,BUG,alt
2020-06-12,19.034,19.202,18.409,18.733,13257,BUG,alt
2020-06-15,18.419,19.162,18.419,19.1,9590,BUG,alt
2020-06-16,19.331,19.341,19.074,19.293,18441,BUG,alt
2020-06-17,19.47,19.589,19.381,19.455,19245,BUG,alt
2020-06-18,19.421,19.713,19.421,19.619,22778,BUG,alt
2020-06-19,19.817,19.866,19.401,19.559,17212,BUG,alt
2020-06-22,19.708,19.916,19.654,19.916,36005,BUG,alt
2020-06-23,20.054,20.054,19.668,19.688,104080,BUG,alt
2020-06-24,19.668,19.817,19.219,19.371,57718,BUG,alt
2020-06-25,19.497,19.708,19.202,19.708,15169,BUG,alt
2020-06-26,19.737,19.737,19.222,19.302,16804,BUG,alt
2020-06-29,19.387,19.387,18.8,19.229,21532,BUG,alt
2020-06-30,19.317,19.626,19.227,19.603,13969,BUG,alt
2020-07-01,19.626,20.123,19.626,20.074,33523,BUG,alt
2020-07-02,20.244,20.244,20.064,20.082,44269,BUG,alt
2020-07-06,20.413,20.625,20.194,20.333,29991,BUG,alt
2020-07-07,20.214,20.563,20.21,20.294,30649,BUG,alt
2020-07-08,20.383,20.842,20.383,20.84,18217,BUG,alt
2020-07-09,21.18,21.409,20.832,21.379,80105,BUG,alt
2020-07-10,21.399,21.399,21.17,21.276,26203,BUG,alt
2020-07-13,21.419,21.419,20.224,20.333,57378,BUG,alt
2020-07-14,20.234,20.553,19.775,20.553,40233,BUG,alt
2020-07-15,20.632,20.701,20.373,20.543,22298,BUG,alt
2020-07-16,20.583,20.583,20.024,20.363,49515,BUG,alt
2020-07-17,20.453,20.672,20.258,20.672,53711,BUG,alt
2020-07-20,20.672,21.588,20.662,21.558,33334,BUG,alt
2020-07-21,21.698,21.698,21.299,21.324,57729,BUG,alt
2020-07-22,21.459,21.698,21.306,21.377,18964,BUG,alt
2020-07-23,21.369,21.738,21.06,21.199,22995,BUG,alt
2020-07-24,21.02,21.02,20.672,20.842,26069,BUG,alt
2020-07-27,21.11,21.219,20.95,21.219,17392,BUG,alt
2020-07-28,21.399,21.399,21.08,21.137,34112,BUG,alt
2020-07-29,21.409,22.135,21.409,22.044,39694,BUG,alt
2020-07-30,21.708,22.086,21.53,22.017,26828,BUG,alt
2020-07-31,22.136,22.151,21.702,22.106,23479,BUG,alt
2020-08-03,22.296,22.395,22.111,22.346,31379,BUG,alt
2020-08-04,22.336,22.375,22.141,22.326,31303,BUG,alt
2020-08-05,22.435,22.6,22.435,22.505,24948,BUG,alt
2020-08-06,22.545,22.56,22.106,22.36,28470,BUG,alt
2020-08-07,22.326,22.375,21.862,22.023,24754,BUG,alt
2020-08-10,22.096,22.096,21.529,21.638,28602,BUG,alt
2020-08-11,21.518,21.578,21.235,21.279,34379,BUG,alt
2020-08-12,21.229,21.488,21.135,21.229,28263,BUG,alt
2020-08-13,21.209,21.648,21.209,21.523,24422,BUG,alt
2020-08-14,21.518,21.678,21.304,21.334,17682,BUG,alt
2020-08-17,21.419,21.593,21.369,21.486,39519,BUG,alt
2020-08-18,21.578,21.777,21.578,21.738,18316,BUG,alt
2020-08-19,21.857,22.026,21.763,21.852,26081,BUG,alt
2020-08-20,21.758,22.316,21.748,22.306,29510,BUG,alt
2020-08-21,22.266,22.316,21.972,22.106,16303,BUG,alt
2020-08-24,22.375,22.375,22.017,22.202,137515,BUG,alt
2020-08-25,22.216,22.355,22.116,22.331,54122,BUG,alt
2020-08-26,22.405,22.983,22.405,22.864,40479,BUG,alt
2020-08-27,22.953,22.953,22.316,22.55,45245,BUG,alt
2020-08-28,22.714,22.744,22.485,22.561,32208,BUG,alt
2020-08-31,22.555,22.764,22.555,22.674,52962,BUG,alt
2020-09-01,22.814,23.561,22.814,23.52,38420,BUG,alt
2020-09-02,23.879,23.879,23.227,23.71,67242,BUG,alt
2020-09-03,23.282,23.282,22.017,22.156,113511,BUG,alt
2020-09-04,22.146,22.171,20.672,21.578,80694,BUG,alt
2020-09-08,20.832,21.434,20.832,21.155,39602,BUG,alt
2020-09-09,21.419,21.637,21.219,21.548,57818,BUG,alt
2020-09-10,21.807,21.967,21.161,21.269,35414,BUG,alt
2020-09-11,21.279,21.279,20.642,20.887,30151,BUG,alt
2020-09-14,21.08,21.278,20.981,21.229,40276,BUG,alt
2020-09-15,21.359,21.558,21.199,21.374,25494,BUG,alt
2020-09-16,21.548,21.658,21.254,21.294,36094,BUG,alt
2020-09-17,21.03,21.03,20.752,21.03,235111,BUG,alt
2020-09-18,21.219,21.314,20.852,21.145,26352,BUG,alt
2020-09-21,20.911,21.349,20.722,21.277,75530,BUG,alt
2020-09-22,21.538,21.678,21.1,21.675,39159,BUG,alt
2020-09-23,21.668,21.817,21.16,21.218,51291,BUG,alt
2020-09-24,21.239,21.239,20.762,20.999,68595,BUG,alt
2020-09-25,21.17,21.598,21.15,21.558,29242,BUG,alt
2020-09-28,21.817,21.862,21.608,21.817,20670,BUG,alt
2020-09-29,21.688,21.857,21.638,21.678,43795,BUG,alt
2020-09-30,21.738,21.917,21.518,21.678,19374,BUG,alt
2020-10-01,21.907,22.261,21.907,22.136,43497,BUG,alt
2020-10-02,21.867,22.221,21.748,21.844,27491,BUG,alt
2020-10-05,22.007,22.365,21.99,22.34,22728,BUG,alt
2020-10-06,22.336,22.784,22.278,22.358,38174,BUG,alt
2020-10-07,22.545,22.834,22.515,22.729,34663,BUG,alt
2020-10-08,22.914,22.943,22.651,22.72,20985,BUG,alt
2020-10-09,22.884,23.103,22.884,23.023,27945,BUG,alt
2020-10-12,23.173,23.395,23.173,23.292,40794,BUG,alt
2020-10-13,23.302,23.64,23.302,23.544,41181,BUG,alt
2020-10-14,23.601,23.681,23.252,23.372,18191,BUG,alt
2020-10-15,22.943,23.282,22.824,23.242,31162,BUG,alt
2020-10-16,23.342,23.342,23.093,23.112,8558,BUG,alt
2020-10-19,23.183,23.412,22.839,22.844,17260,BUG,alt
2020-10-20,23.013,23.105,22.615,22.615,24565,BUG,alt
2020-10-21,22.605,22.754,22.146,22.216,23700,BUG,alt
2020-10-22,22.236,22.405,21.797,22.166,38061,BUG,alt
2020-10-23,22.216,22.251,22.017,22.246,19732,BUG,alt
2020-10-26,22.166,22.349,21.653,21.997,53115,BUG,alt
2020-10-27,22.256,22.415,21.987,22.027,36057,BUG,alt
2020-10-28,21.827,21.927,21.329,21.558,71886,BUG,alt
2020-10-29,21.588,21.708,21.309,21.387,31770,BUG,alt
2020-10-30,21.299,21.299,20.433,20.682,86481,BUG,alt
2020-11-02,20.832,20.872,20.373,20.622,23318,BUG,alt
2020-11-03,20.872,21.14,20.742,21.12,23838,BUG,alt
2020-11-04,21.588,22.146,21.588,22.126,22237,BUG,alt
2020-11-05,22.405,22.664,22.365,22.455,52075,BUG,alt
2020-11-06,22.415,22.415,22.106,22.291,17118,BUG,alt
2020-11-09,22.276,22.276,21.389,21.488,40054,BUG,alt
2020-11-10,21.239,21.317,20.453,20.842,60605,BUG,alt
2020-11-11,21.12,21.543,21.09,21.449,23020,BUG,alt
2020-11-12,21.518,21.758,21.379,21.478,23718,BUG,alt
2020-11-13,21.558,21.598,21.369,21.439,75930,BUG,alt
2020-11-16,21.409,21.508,21.257,21.409,33108,BUG,alt
2020-11-17,21.369,21.688,21.339,21.622,59698,BUG,alt
2020-11-18,21.668,21.718,21.339,21.374,34983,BUG,alt
2020-11-19,21.419,21.832,21.389,21.768,46561,BUG,alt
2020-11-20,21.927,22.205,21.877,22.017,39523,BUG,alt
2020-11-23,22.116,22.126,21.758,21.907,43328,BUG,alt
2020-11-24,22.096,22.096,21.842,22.057,53600,BUG,alt
2020-11-25,21.987,22.326,21.987,22.326,31527,BUG,alt
2020-11-27,22.355,22.597,22.355,22.55,20224,BUG,alt
2020-11-30,22.674,22.794,22.336,22.744,68943,BUG,alt
2020-12-01,22.873,22.884,22.353,22.539,73434,BUG,alt
2020-12-02,22.405,22.405,22.091,22.375,41128,BUG,alt
2020-12-03,22.814,23.512,22.814,23.322,72909,BUG,alt
2020-12-04,23.322,23.571,23.229,23.462,166987,BUG,alt
2020-12-07,23.472,23.661,23.462,23.561,65288,BUG,alt
2020-12-08,23.482,24.099,23.482,24.044,62329,BUG,alt
2020-12-09,24.497,24.497,22.958,23.093,90012,BUG,alt
2020-12-10,23.133,23.671,22.914,23.591,55962,BUG,alt
2020-12-11,23.521,23.869,23.442,23.839,45626,BUG,alt
2020-12-14,23.979,24.338,23.909,24.183,88598,BUG,alt
2020-12-15,24.298,24.433,24.133,24.427,294561,BUG,alt
2020-12-16,24.547,24.874,24.517,24.726,77533,BUG,alt
2020-12-17,24.906,25.274,24.857,25.274,199179,BUG,alt
2020-12-18,25.713,27.516,25.603,27.456,775403,BUG,alt
2020-12-21,27.117,27.795,26.649,27.665,823605,BUG,alt
2020-12-22,27.964,29.17,27.934,29.14,1114060,BUG,alt
2020-12-23,29.468,29.488,28.697,28.921,1389924,BUG,alt
2020-12-24,29.1,29.12,28.393,28.622,262852,BUG,alt
2020-12-28,29.061,29.139,28.445,28.483,1157001,BUG,alt
2020-12-29,28.582,28.631,27.695,27.895,269397,BUG,alt
2020-12-30,28.094,28.403,28.004,28.184,345649,BUG,alt
2020-12-31,28.303,28.303,27.904,28.144,135140,BUG,alt
2021-01-04,28.383,28.393,26.958,27.476,295358,BUG,alt
2021-01-05,27.356,27.655,27.057,27.396,658670,BUG,alt
2021-01-06,27.177,27.406,26.878,26.978,467596,BUG,alt
2021-01-07,27.297,27.904,27.207,27.885,289620,BUG,alt
2021-01-08,28.393,28.609,28.154,28.453,364716,BUG,alt
2021-01-11,28.453,28.762,27.705,28.512,277513,BUG,alt
2021-01-12,28.622,28.901,28.512,28.752,333704,BUG,alt
2021-01-13,28.891,28.981,28.154,28.223,423543,BUG,alt
2021-01-14,28.413,28.512,28.104,28.283,437797,BUG,alt
2021-01-15,28.403,28.505,28.014,28.154,194277,BUG,alt
2021-01-19,28.403,28.592,28.104,28.542,245302,BUG,alt
2021-01-20,28.801,29.011,28.672,28.772,177518,BUG,alt
2021-01-21,29.011,29.09,28.602,28.622,256747,BUG,alt
2021-01-22,28.502,28.899,28.502,28.861,156945,BUG,alt
2021-01-25,29.14,29.399,27.914,28.592,325216,BUG,alt
2021-01-26,28.602,28.612,28.014,28.064,174247,BUG,alt
2021-01-27,27.705,28.183,27.107,27.725,249380,BUG,alt
2021-01-28,28.054,28.268,27.655,28.114,283470,BUG,alt
2021-01-29,28.074,28.094,27.397,27.775,141549,BUG,alt
2021-02-01,28.044,28.433,27.805,28.333,151534,BUG,alt
2021-02-02,28.891,29.215,28.672,29.2,345274,BUG,alt
2021-02-03,29.15,29.2,28.004,28.054,938911,BUG,alt
2021-02-04,28.393,28.552,28.124,28.552,147250,BUG,alt
2021-02-05,28.647,28.77,28.483,28.582,198640,BUG,alt
2021-02-08,28.911,29.051,28.427,28.602,310770,BUG,alt
2021-02-09,28.702,29.15,28.612,29.14,198188,BUG,alt
2021-02-10,29.3,29.35,28.602,28.951,252460,BUG,alt
2021-02-11,29.14,29.235,28.781,29.1,183484,BUG,alt
2021-02-12,29.09,29.35,28.802,29.3,186220,BUG,alt
2021-02-16,29.604,29.698,28.762,28.971,326480,BUG,alt
2021-02-17,28.881,28.891,28.223,28.732,1635207,BUG,alt
2021-02-18,28.492,28.901,28.105,28.801,152560,BUG,alt
2021-02-19,29.031,29.2,28.873,29.08,119438,BUG,alt
2021-02-22,28.911,28.911,27.964,28.114,230522,BUG,alt
2021-02-23,27.436,27.695,26.16,27.566,460052,BUG,alt
2021-02-24,27.625,27.625,26.908,27.476,252004,BUG,alt
2021-02-25,27.267,27.456,26.21,26.36,584007,BUG,alt
2021-02-26,26.609,26.838,26.021,26.44,141309,BUG,alt
2021-03-01,26.878,27.287,26.738,27.227,119689,BUG,alt
2021-03-02,27.406,27.436,26.719,26.768,144673,BUG,alt
2021-03-03,26.719,26.719,25.563,25.742,232599,BUG,alt
2021-03-04,25.453,25.702,24.596,24.925,273627,BUG,alt
2021-03-05,25.283,25.283,23.888,24.885,202319,BUG,alt
2021-03-08,24.815,25.403,24.516,24.556,747917,BUG,alt
2021-03-09,25.951,26.131,25.283,25.991,229705,BUG,alt
2021-03-10,26.499,26.579,25.612,25.772,382522,BUG,alt
2021-03-11,26.42,26.709,26.281,26.609,184132,BUG,alt
2021-03-12,26.39,26.39,25.812,26.31,141594,BUG,alt
2021-03-15,26.4,26.43,26.071,26.43,179368,BUG,alt
2021-03-16,26.599,26.848,26.021,26.27,122370,BUG,alt
2021-03-17,26.2,26.519,25.712,26.26,155973,BUG,alt
2021-03-18,25.901,25.911,25.094,25.194,171348,BUG,alt
2021-03-19,25.224,25.662,25.044,25.463,138359,BUG,alt
2021-03-22,25.702,26.15,25.56,25.921,120972,BUG,alt
2021-03-23,25.951,26.058,25.612,25.712,89534,BUG,alt
2021-03-24,25.891,25.911,24.816,24.895,232962,BUG,alt
2021-03-25,24.466,24.795,24.237,24.715,165924,BUG,alt
2021-03-26,24.815,24.992,24.426,24.945,54530,BUG,alt
2021-03-29,24.975,25.164,24.547,24.695,90308,BUG,alt
2021-03-30,24.606,24.606,24.207,24.496,104410,BUG,alt
2021-03-31,24.586,25.154,24.586,24.965,102490,BUG,alt
2021-04-01,25.124,25.682,25.124,25.443,85094,BUG,alt
2021-04-05,25.762,25.762,25.413,25.612,127748,BUG,alt
2021-04-06,25.662,26.111,25.445,25.931,120523,BUG,alt
2021-04-07,25.981,26.041,25.473,25.553,86813,BUG,alt
2021-04-08,25.871,26.111,25.812,26.011,141814,BUG,alt
2021-04-09,26.091,26.111,25.662,26.061,99369,BUG,alt
2021-04-12,25.871,26.44,25.865,26.31,140179,BUG,alt
2021-04-13,26.41,26.958,26.41,26.898,141026,BUG,alt
2021-04-14,27.018,27.336,26.669,26.669,174410,BUG,alt
2021-04-15,27.117,27.366,26.928,27.267,103812,BUG,alt
2021-04-16,27.386,27.386,26.938,27.117,113931,BUG,alt
2021-04-19,27.087,27.267,26.709,26.948,113702,BUG,alt
2021-04-20,26.928,27.038,26.26,26.43,178643,BUG,alt
2021-04-21,26.39,26.659,26.131,26.609,87297,BUG,alt
2021-04-22,26.709,27.227,26.706,26.828,113731,BUG,alt
2021-04-23,27.027,27.097,26.842,27.018,106132,BUG,alt
2021-04-26,27.705,28.154,27.68,28.154,184152,BUG,alt
2021-04-27,28.154,28.233,27.685,27.825,615962,BUG,alt
2021-04-28,27.745,27.825,27.406,27.416,62943,BUG,alt
2021-04-29,27.596,27.596,26.709,26.958,178291,BUG,alt
2021-04-30,26.918,27.227,26.798,26.798,75372,BUG,alt
2021-05-03,26.988,26.988,26.41,26.539,108154,BUG,alt
2021-05-04,26.22,26.26,25.543,25.971,163800,BUG,alt
2021-05-05,26.23,26.23,25.617,25.732,79030,BUG,alt
2021-05-06,25.712,25.712,25.057,25.333,140671,BUG,alt
2021-05-07,25.672,25.911,25.632,25.702,140970,BUG,alt
2021-05-10,25.911,25.911,25.413,25.453,191548,BUG,alt
2021-05-11,24.596,25.991,24.566,25.822,209160,BUG,alt
2021-05-12,25.752,25.752,25.209,25.383,199336,BUG,alt
2021-05-13,25.682,25.822,25.014,25.234,113875,BUG,alt
2021-05-14,25.323,26.081,25.323,26.041,174148,BUG,alt
2021-05-17,25.921,26.026,25.453,25.682,130004,BUG,alt
2021-05-18,25.931,26.23,25.812,25.921,108040,BUG,alt
2021-05-19,25.662,25.931,25.433,25.871,89435,BUG,alt
2021-05-20,26.15,26.559,26.131,26.539,150825,BUG,alt
2021-05-21,26.908,27.008,26.659,26.748,145321,BUG,alt
2021-05-24,26.838,27.137,26.768,27.027,95624,BUG,alt
2021-05-25,27.217,27.217,26.958,26.958,77705,BUG,alt
2021-05-26,27.307,27.655,27.307,27.556,376705,BUG,alt
2021-05-27,27.486,27.546,27.003,27.436,310403,BUG,alt
2021-05-28,27.566,27.642,27.326,27.346,379859,BUG,alt
2021-06-01,27.556,27.556,26.928,27.157,222684,BUG,alt
2021-06-02,27.207,27.307,27.0,27.267,527235,BUG,alt
2021-06-03,27.087,27.087,26.639,26.679,191563,BUG,alt
2021-06-04,26.818,26.988,26.738,26.968,134852,BUG,alt
2021-06-07,27.027,27.466,26.858,27.406,424351,BUG,alt
2021-06-08,27.645,27.885,27.538,27.715,841499,BUG,alt
2021-06-09,27.885,27.885,27.616,27.675,280877,BUG,alt
2021-06-10,27.785,28.323,27.685,28.283,841148,BUG,alt
2021-06-11,28.283,28.49,28.159,28.463,418199,BUG,alt
2021-06-14,28.483,28.682,28.413,28.612,329284,BUG,alt
2021-06-15,28.642,28.682,28.253,28.363,666471,BUG,alt
2021-06-16,28.373,28.682,28.124,28.592,181349,BUG,alt
2021-06-17,28.542,29.09,28.403,29.08,758144,BUG,alt
2021-06-18,28.891,29.16,28.8,28.891,338078,BUG,alt
2021-06-21,28.831,28.921,28.403,28.811,1031102,BUG,alt
2021-06-22,28.901,29.14,28.857,29.12,205559,BUG,alt
2021-06-23,29.22,29.24,28.911,29.041,236248,BUG,alt
2021-06-24,29.21,29.399,29.041,29.13,916620,BUG,alt
2021-06-25,29.23,29.23,28.916,29.09,151358,BUG,alt
2021-06-28,29.25,29.469,29.15,29.35,178467,BUG,alt
2021-06-29,29.379,29.398,29.12,29.25,147746,BUG,alt
2021-06-30,29.23,29.23,28.702,28.732,194498,BUG,alt
2021-07-01,28.682,28.891,28.492,28.742,140798,BUG,alt
2021-07-02,28.981,28.981,28.732,28.851,152245,BUG,alt
2021-07-06,29.14,29.599,28.931,29.579,745219,BUG,alt
2021-07-07,29.898,29.898,29.26,29.619,623792,BUG,alt
2021-07-08,29.08,29.589,28.811,29.441,236642,BUG,alt
2021-07-09,29.658,29.818,29.35,29.788,204822,BUG,alt
2021-07-12,30.167,30.167,29.549,29.589,273661,BUG,alt
2021-07-13,29.658,29.848,29.449,29.549,421192,BUG,alt
2021-07-14,29.708,29.708,29.08,29.15,415393,BUG,alt
2021-07-15,29.2,29.29,28.602,28.781,203799,BUG,alt
2021-07-16,29.001,29.2,28.811,28.861,144680,BUG,alt
2021-07-19,28.502,29.05,28.443,28.911,200442,BUG,alt
2021-07-20,29.16,29.688,28.951,29.499,1466737,BUG,alt
2021-07-21,29.519,29.649,29.26,29.599,266758,BUG,alt
2021-07-22,29.668,30.067,29.658,29.967,370364,BUG,alt
2021-07-23,30.02,30.32,29.808,30.256,486583,BUG,alt
2021-07-26,30.256,30.256,29.808,30.087,920886,BUG,alt
2021-07-27,30.077,30.147,29.26,29.649,489441,BUG,alt
2021-07-28,29.788,30.127,29.649,30.037,237896,BUG,alt
2021-07-29,30.037,30.278,29.898,30.067,179969,BUG,alt
2021-07-30,29.938,30.047,29.798,29.848,117086,BUG,alt
2021-08-02,29.957,30.286,29.549,30.127,157471,BUG,alt
2021-08-03,30.167,30.376,29.997,30.286,274961,BUG,alt
2021-08-04,30.306,30.573,30.197,30.496,201436,BUG,alt
2021-08-05,30.585,30.595,30.266,30.396,318349,BUG,alt
2021-08-06,30.246,30.386,29.6,29.828,313122,BUG,alt
2021-08-09,29.828,30.037,29.778,29.918,156398,BUG,alt
2021-08-10,29.997,30.047,29.36,29.459,218675,BUG,alt
2021-08-11,29.688,29.723,29.3,29.409,149386,BUG,alt
2021-08-12,29.459,30.017,29.444,29.908,271368,BUG,alt
2021-08-13,30.037,30.246,29.918,30.187,1865465,BUG,alt
2021-08-16,30.057,30.084,29.33,29.698,413605,BUG,alt
2021-08-17,29.499,29.579,29.11,29.369,843328,BUG,alt
2021-08-18,29.419,29.548,29.201,29.3,146889,BUG,alt
2021-08-19,29.15,29.521,29.021,29.35,155561,BUG,alt
2021-08-20,29.459,29.639,29.399,29.619,146277,BUG,alt
2021-08-23,29.738,30.196,29.738,30.167,221571,BUG,alt
2021-08-24,30.725,31.283,30.705,31.143,618333,BUG,alt
2021-08-25,31.364,31.791,31.333,31.731,850949,BUG,alt
2021-08-26,31.761,32.05,31.594,31.911,590129,BUG,alt
2021-08-27,31.981,32.449,31.891,32.389,438852,BUG,alt
2021-08-30,32.611,32.627,32.28,32.539,759688,BUG,alt
2021-08-31,32.529,32.636,32.25,32.439,1303343,BUG,alt
2021-09-01,32.499,32.513,32.27,32.429,439667,BUG,alt
2021-09-02,32.489,32.838,32.389,32.758,386491,BUG,alt
2021-09-03,32.778,33.186,32.737,33.166,418167,BUG,alt
2021-09-07,33.155,33.216,32.602,32.718,488874,BUG,alt
2021-09-08,32.598,32.618,32.319,32.349,243772,BUG,alt
2021-09-09,32.369,32.698,32.299,32.359,1713255,BUG,alt
2021-09-10,32.529,32.549,31.761,31.811,642907,BUG,alt
2021-09-13,31.911,31.921,31.403,31.801,268494,BUG,alt
2021-09-14,32.0,32.13,31.711,31.821,207828,BUG,alt
2021-09-15,31.821,31.961,31.612,31.931,169819,BUG,alt
2021-09-16,31.931,32.07,31.721,32.06,202574,BUG,alt
2021-09-17,32.15,32.16,31.692,31.851,307826,BUG,alt
2021-09-20,31.223,31.542,30.815,31.163,825612,BUG,alt
2021-09-21,31.353,31.558,31.223,31.253,209689,BUG,alt
2021-09-22,31.313,31.608,31.183,31.542,318108,BUG,alt
2021-09-23,31.791,31.946,31.582,31.911,308763,BUG,alt
2021-09-24,31.761,32.03,31.602,31.971,127502,BUG,alt
2021-09-27,31.891,31.891,31.223,31.452,263636,BUG,alt
2021-09-28,31.153,31.153,30.366,30.406,474989,BUG,alt
2021-09-29,30.705,30.75,30.187,30.266,207564,BUG,alt
2021-09-30,30.366,30.595,30.266,30.406,175231,BUG,alt
2021-10-01,30.496,30.765,30.117,30.745,139117,BUG,alt
2021-10-04,30.466,30.466,29.449,29.738,632344,BUG,alt
2021-10-05,29.848,30.396,29.848,30.256,331022,BUG,alt
2021-10-06,30.034,30.625,29.938,30.545,296445,BUG,alt
2021-10-07,30.844,31.353,30.799,31.034,228285,BUG,alt
2021-10-08,31.173,31.173,30.595,30.705,171956,BUG,alt
2021-10-11,30.555,30.874,30.396,30.595,118030,BUG,alt
2021-10-12,30.715,31.191,30.655,31.094,290078,BUG,alt
2021-10-13,31.323,31.771,31.303,31.771,294021,BUG,alt
2021-10-14,32.11,32.289,32.05,32.27,648901,BUG,alt
2021-10-15,32.349,32.399,32.17,32.22,331235,BUG,alt
2021-10-18,32.09,32.738,32.09,32.738,542041,BUG,alt
2021-10-19,32.957,32.957,32.549,32.738,470701,BUG,alt
2021-10-20,32.828,33.007,32.539,32.788,323704,BUG,alt
2021-10-21,32.798,33.097,32.685,33.047,801765,BUG,alt
2021-10-22,33.077,33.216,32.798,33.017,559861,BUG,alt
2021-10-25,33.117,33.618,32.987,33.236,905744,BUG,alt
2021-10-26,33.465,33.49,32.728,32.997,579270,BUG,alt
2021-10-27,33.067,33.166,32.449,32.509,212034,BUG,alt
2021-10-28,32.608,33.077,32.539,32.907,206283,BUG,alt
2021-10-29,32.877,33.326,32.877,33.286,211909,BUG,alt
2021-11-01,33.376,33.376,32.77,33.007,936360,BUG,alt
2021-11-02,32.937,33.097,32.689,32.917,204364,BUG,alt
2021-11-03,32.828,33.346,32.678,33.236,1917410,BUG,alt
2021-11-04,33.745,33.814,33.406,33.764,307004,BUG,alt
2021-11-05,33.924,34.063,33.376,33.944,344963,BUG,alt
2021-11-08,34.173,34.801,34.034,34.691,914466,BUG,alt
2021-11-09,34.741,34.98,34.412,34.771,446821,BUG,alt
2021-11-10,34.771,34.975,33.695,33.984,646192,BUG,alt
2021-11-11,34.273,34.522,34.188,34.273,227911,BUG,alt
2021-11-12,34.462,34.681,34.432,34.651,219269,BUG,alt
2021-11-15,34.622,34.661,33.904,34.153,249708,BUG,alt
2021-11-16,34.063,34.382,33.974,34.382,314498,BUG,alt
2021-11-17,34.492,34.522,33.995,34.223,240325,BUG,alt
2021-11-18,34.253,34.313,33.794,34.053,190332,BUG,alt
2021-11-19,34.342,34.382,33.715,33.754,201199,BUG,alt
2021-11-22,33.874,33.874,32.419,32.628,1219172,BUG,alt
2021-11-23,32.339,32.578,31.502,31.931,647144,BUG,alt
2021-11-24,31.741,32.299,31.442,32.27,277515,BUG,alt
2021-11-26,32.06,32.364,31.512,31.771,305597,BUG,alt
2021-11-29,32.14,32.324,31.851,32.21,442403,BUG,alt
2021-11-30,32.26,32.439,31.442,31.731,271118,BUG,alt
2021-12-01,32.399,32.399,30.246,30.356,1212946,BUG,alt
2021-12-02,30.446,31.104,30.261,31.004,241621,BUG,alt
2021-12-03,31.173,31.193,29.57,29.908,405492,BUG,alt
2021-12-06,29.868,29.878,29.066,29.738,300335,BUG,alt
2021-12-07,30.501,31.034,30.426,30.894,249581,BUG,alt
2021-12-08,30.874,31.273,30.396,31.143,252485,BUG,alt
2021-12-09,31.114,31.283,30.449,30.625,274987,BUG,alt
2021-12-10,30.665,30.964,30.416,30.595,147059,BUG,alt
2021-12-13,30.725,31.155,30.506,30.795,418360,BUG,alt
2021-12-14,30.256,30.286,29.579,30.117,379185,BUG,alt
2021-12-15,30.007,31.333,29.967,31.203,242640,BUG,alt
2021-12-16,31.482,31.482,30.346,30.545,313634,BUG,alt
2021-12-17,30.217,31.143,30.067,31.034,254286,BUG,alt
2021-12-20,30.679,30.994,30.499,30.874,200302,BUG,alt
2021-12-21,31.153,31.576,30.712,31.562,174605,BUG,alt
2021-12-22,31.552,31.841,31.353,31.841,156890,BUG,alt
2021-12-23,31.881,32.04,31.588,31.951,217896,BUG,alt
2021-12-27,32.09,32.349,32.068,32.309,301103,BUG,alt
2021-12-28,32.419,32.429,31.931,32.11,153256,BUG,alt
2021-12-29,32.11,32.17,31.851,32.14,189545,BUG,alt
2021-12-30,32.16,32.35,32.02,32.1,119901,BUG,alt
2021-12-31,32.08,32.1,31.75,31.77,105300,BUG,alt
2022-01-03,31.9,31.9376,31.02,31.18,271057,BUG,alt
2022-01-04,31.23,31.23,29.8,30.31,574765,BUG,alt
2022-01-05,30.02,30.17,29.22,29.34,335672,BUG,alt
2022-01-06,29.12,29.95,28.96,29.61,316335,BUG,alt
2022-01-07,29.6,30.0,29.26,29.52,331505,BUG,alt
2022-01-10,29.0,29.87,28.55,29.78,688202,BUG,alt
2022-01-11,29.74,30.285,29.61,30.24,448029,BUG,alt
2022-01-12,30.4,30.75,29.92,30.1,213927,BUG,alt
2022-01-13,30.16,30.21,28.91,29.0,295502,BUG,alt
2022-01-14,28.6,29.22,28.6,29.11,281566,BUG,alt
2022-01-18,28.62,29.24,28.41,28.7,245034,BUG,alt
2022-01-19,28.668,29.28,28.41,28.64,392365,BUG,alt
2022-01-20,28.98,29.43,28.6,28.65,172964,BUG,alt
2022-01-21,28.51,28.7899,27.86,27.93,309519,BUG,alt
2022-01-24,27.1935,28.2,26.46,28.11,557287,BUG,alt
2022-01-25,27.8,27.92,26.84,26.99,322566,BUG,alt
2022-01-26,27.45,27.89,26.74,26.92,611204,BUG,alt
2022-01-27,27.13,27.51,26.61,26.74,204077,BUG,alt
2022-01-28,26.87,27.42,26.47,27.42,208773,BUG,alt
2022-01-31,27.5,28.64,27.5,28.62,187105,BUG,alt
2022-02-01,28.7,28.88,28.22,28.88,87435,BUG,alt
2022-02-02,28.96,29.0,28.3189,28.55,194928,BUG,alt
2022-02-03,28.11,28.51,27.8201,27.99,121750,BUG,alt
2022-02-04,27.88,28.8999,27.88,28.71,173653,BUG,alt
2022-02-07,28.75,29.15,28.62,28.73,210258,BUG,alt
2022-02-08,28.52,29.28,28.52,29.24,137390,BUG,alt
2022-02-09,29.61,30.02,29.4041,29.99,153066,BUG,alt
2022-02-10,29.62,30.43,29.62,29.95,133767,BUG,alt
2022-02-11,30.06,30.18,29.08,29.25,161666,BUG,alt
2022-02-14,29.07,29.69,29.0,29.27,214023,BUG,alt
2022-02-15,29.51,29.85,29.396,29.81,163048,BUG,alt
2022-02-16,29.54,29.57,29.18,29.46,215440,BUG,alt
2022-02-17,29.13,29.1879,28.23,28.41,354985,BUG,alt
2022-02-18,28.43,28.51,27.84,27.88,316694,BUG,alt
2022-02-22,27.751,28.26,27.6307,27.88,272493,BUG,alt
2022-02-23,28.29,28.325,27.26,27.31,307999,BUG,alt
2022-02-24,26.81,29.4699,26.46,29.42,1737581,BUG,alt
2022-02-25,29.15,29.78,28.76,29.73,835466,BUG,alt
2022-02-28,29.93,30.94,29.93,30.86,1406529,BUG,alt
2022-03-01,31.35,31.611,30.8,31.07,994186,BUG,alt
2022-03-02,31.3,31.69,30.68,31.62,1384641,BUG,alt
2022-03-03,31.77,31.77,30.66,30.91,1118248,BUG,alt
2022-03-04,30.76,31.09,29.9506,30.22,865249,BUG,alt
2022-03-07,30.37,30.47,29.0,29.29,648725,BUG,alt
2022-03-08,29.01,29.43,28.62,28.89,586213,BUG,alt
2022-03-09,29.3,29.86,29.15,29.76,321141,BUG,alt
2022-03-10,29.6,29.9,29.4,29.68,300897,BUG,alt
2022-03-11,30.03,30.03,28.98,29.01,305652,BUG,alt
2022-03-14,29.18,29.18,27.94,28.18,409092,BUG,alt
2022-03-15,28.34,28.88,28.031,28.85,324871,BUG,alt
2022-03-16,28.96,29.17,28.0091,29.055,498275,BUG,alt
2022-03-17,28.88,29.63,28.61,29.61,324330,BUG,alt
2022-03-18,29.64,30.52,29.57,30.46,425886,BUG,alt
2022-03-21,30.42,30.46,29.89,30.4,585250,BUG,alt
2022-03-22,30.54,31.4,30.4,31.23,1240671,BUG,alt
2022-03-23,31.19,31.59,30.75,31.15,513568,BUG,alt
2022-03-24,31.26,31.54,30.83,31.51,398800,BUG,alt
2022-03-25,31.75,31.75,30.7315,31.37,817492,BUG,alt
2022-03-28,31.35,31.66,31.0008,31.42,384953,BUG,alt
2022-03-29,31.74,31.845,31.1201,31.76,440022,BUG,alt
2022-03-30,31.64,31.93,31.305,31.48,370652,BUG,alt
2022-03-31,31.57,31.855,31.28,31.42,255110,BUG,alt
2022-04-01,31.52,31.8,31.34,31.51,161368,BUG,alt
2022-04-04,31.7,32.11,31.56,32.09,297284,BUG,alt
2022-04-05,32.09,32.14,31.36,31.54,663079,BUG,alt
2022-04-06,31.24,31.24,30.4501,30.69,345537,BUG,alt
2022-04-07,30.62,31.3,30.62,31.05,243564,BUG,alt
2022-04-08,31.04,31.09,30.68,30.72,226606,BUG,alt
2022-04-11,30.79,31.56,30.78,31.35,943342,BUG,alt
2022-04-12,31.61,32.11,31.3366,31.46,734461,BUG,alt
2022-04-13,31.44,32.33,31.35,32.26,343277,BUG,alt
2022-04-14,32.25,32.3,31.56,31.65,280809,BUG,alt
2022-04-18,31.59,31.59,30.931,31.13,506961,BUG,alt
2022-04-19,31.17,31.83,30.8605,31.71,1288678,BUG,alt
2022-04-20,32.03,32.03,31.4379,31.53,254959,BUG,alt
2022-04-21,31.82,32.0292,30.4,30.53,297326,BUG,alt
2022-04-22,30.56,30.71,29.92,29.94,527392,BUG,alt
2022-04-25,29.76,30.73,29.75,30.68,346020,BUG,alt
2022-04-26,30.56,30.56,29.67,29.71,402773,BUG,alt
2022-04-27,29.72,30.0877,29.3701,29.5,353789,BUG,alt
2022-04-28,29.8,30.17,29.38,30.0,245295,BUG,alt
2022-04-29,30.0,30.2436,29.04,29.12,238798,BUG,alt
2022-05-02,29.03,29.53,28.981,29.51,201093,BUG,alt
2022-05-03,29.37,29.39,28.665,28.89,202300,BUG,alt
2022-05-04,28.95,29.15,27.93,29.09,305719,BUG,alt
2022-05-05,28.99,28.99,27.4401,27.68,374464,BUG,alt
2022-05-06,27.41,27.5,26.41,26.55,553354,BUG,alt
2022-05-09,25.98,26.16,24.8,24.94,1159035,BUG,alt
2022-05-10,25.48,25.701,24.65,25.27,403250,BUG,alt
2022-05-11,25.19,25.6,24.59,24.62,384547,BUG,alt
2022-05-12,24.22,25.3704,24.22,24.93,392012,BUG,alt
2022-05-13,25.29,26.01,25.25,25.92,242874,BUG,alt
2022-05-16,25.68,26.0,25.13,25.18,239600,BUG,alt
2022-05-17,25.69,25.9,24.87,25.4,276045,BUG,alt
2022-05-18,24.89,25.18,24.22,24.36,572179,BUG,alt
2022-05-19,24.32,25.23,24.15,24.84,876028,BUG,alt
2022-05-20,25.66,26.03,24.8701,25.57,809738,BUG,alt
2022-05-23,25.69,25.98,25.33,25.97,371395,BUG,alt
2022-05-24,25.72,25.7502,24.97,25.28,330001,BUG,alt
2022-05-25,25.06,25.92,25.01,25.73,215699,BUG,alt
2022-05-26,25.67,26.46,25.6457,26.25,285116,BUG,alt
2022-05-27,26.52,27.1,26.52,27.05,704446,BUG,alt
2022-05-31,27.03,27.04,26.29,26.34,363972,BUG,alt
2022-06-01,26.49,26.8233,25.99,26.24,222072,BUG,alt
2022-06-02,26.15,27.37,26.15,27.27,244567,BUG,alt
2022-06-03,27.14,27.3794,26.72,26.91,196441,BUG,alt
2022-06-06,27.19,27.3,26.55,26.78,283636,BUG,alt
2022-06-07,26.3,27.2,26.28,27.18,208064,BUG,alt
2022-06-08,27.12,27.47,27.09,27.17,221526,BUG,alt
2022-06-09,27.03,27.25,26.54,26.56,229383,BUG,alt
2022-06-10,26.05,26.2094,25.475,25.58,207959,BUG,alt
2022-06-13,24.61,24.85,24.04,24.23,535297,BUG,alt
2022-06-14,24.31,24.5375,23.96,24.14,507012,BUG,alt
2022-06-15,24.36,25.05,24.26,24.73,287362,BUG,alt
2022-06-16,24.07,24.32,23.51,23.7,317696,BUG,alt
2022-06-17,23.79,24.561,23.79,24.39,181454,BUG,alt
2022-06-21,24.7,25.205,24.7,24.85,199724,BUG,alt
2022-06-22,24.6,25.2501,24.5,24.88,273575,BUG,alt
2022-06-23,25.07,25.9,24.93,25.77,250505,BUG,alt
2022-06-24,26.1,26.75,26.02,26.7,211830,BUG,alt
2022-06-27,26.71,26.82,26.12,26.3,252657,BUG,alt
2022-06-28,26.37,26.47,25.4001,25.55,353316,BUG,alt
2022-06-29,25.44,25.63,25.2,25.44,321390,BUG,alt
2022-06-30,25.22,25.31,24.66,25.0,162024,BUG,alt
2022-07-01,24.95,25.57,24.86,25.57,102929,BUG,alt
2022-07-05,25.36,26.21,25.1,26.16,157084,BUG,alt
2022-07-06,26.36,26.48,26.06,26.25,145067,BUG,alt
2022-07-07,26.23,26.92,26.23,26.82,167129,BUG,alt
2022-07-08,26.66,27.16,26.4592,26.91,138005,BUG,alt
2022-07-11,26.7,26.84,26.23,26.44,92990,BUG,alt
2022-07-12,26.61,26.9024,25.23,25.41,307859,BUG,alt
2022-07-13,24.95,25.5714,24.77,25.37,206875,BUG,alt
2022-07-14,25.17,25.19,24.6,25.04,146629,BUG,alt
2022-07-15,25.32,25.56,25.1,25.54,112985,BUG,alt
2022-07-18,25.85,26.08,25.43,25.62,158244,BUG,alt
2022-07-19,25.85,26.09,25.55,26.08,70835,BUG,alt
2022-07-20,26.22,26.86,26.19,26.64,102807,BUG,alt
2022-07-21,26.67,27.13,26.44,27.12,632988,BUG,alt
2022-07-22,27.12,27.371,26.6,26.75,513003,BUG,alt
2022-07-25,26.65,26.65,26.16,26.31,241856,BUG,alt
2022-07-26,26.17,26.17,25.07,25.17,358175,BUG,alt
2022-07-27,25.35,25.48,24.96,25.36,208368,BUG,alt
2022-07-28,25.43,25.7748,25.12,25.74,169220,BUG,alt
2022-07-29,25.77,25.78,25.42,25.74,279784,BUG,alt
2022-08-01,25.56,26.14,25.33,25.83,223785,BUG,alt
2022-08-02,25.59,26.24,25.52,26.11,298739,BUG,alt
2022-08-03,27.06,27.91,27.04,27.86,298592,BUG,alt
2022-08-04,27.56,27.56,26.81,27.22,729502,BUG,alt
2022-08-05,26.91,27.2,26.75,27.12,206237,BUG,alt
2022-08-08,27.23,27.68,27.16,27.23,474216,BUG,alt
2022-08-09,27.24,27.31,26.88,27.04,246884,BUG,alt
2022-08-10,27.69,28.16,27.64,28.09,239929,BUG,alt
2022-08-11,28.34,28.5282,27.75,27.92,624638,BUG,alt
2022-08-12,28.07,28.32,27.915,28.27,317452,BUG,alt
2022-08-15,28.13,28.78,28.05,28.75,372449,BUG,alt
2022-08-16,28.78,28.82,28.31,28.79,164274,BUG,alt
2022-08-17,28.52,28.57,28.13,28.41,853610,BUG,alt
2022-08-18,28.4,28.53,28.18,28.48,227698,BUG,alt
2022-08-19,28.1,28.19,27.54,27.77,138179,BUG,alt
2022-08-22,27.36,27.51,27.08,27.33,244049,BUG,alt
2022-08-23,27.76,28.14,27.6501,27.79,279490,BUG,alt
2022-08-24,27.88,28.15,27.79,27.93,263918,BUG,alt
2022-08-25,28.19,28.35,28.06,28.35,238503,BUG,alt
2022-08-26,28.37,28.38,27.61,27.67,235601,BUG,alt
2022-08-29,27.28,27.6,27.21,27.3,150360,BUG,alt
2022-08-30,27.57,27.7766,27.03,27.47,316318,BUG,alt
2022-08-31,27.56,27.8,26.91,27.02,525979,BUG,alt
2022-09-01,26.38,26.38,25.37,25.72,430529,BUG,alt
2022-09-02,26.01,26.1687,25.555,25.74,138057,BUG,alt
2022-09-06,25.76,25.7899,25.331,25.53,144385,BUG,alt
2022-09-07,25.45,26.02,25.3871,25.96,151470,BUG,alt
2022-09-08,25.36,25.98,25.27,25.92,136981,BUG,alt
2022-09-09,26.47,27.17,26.47,27.15,188216,BUG,alt
2022-09-12,27.35,27.64,27.257,27.56,103723,BUG,alt
2022-09-13,26.61,26.8117,26.39,26.55,273010,BUG,alt
2022-09-14,26.56,26.6,26.22,26.45,187000,BUG,alt
2022-09-15,26.28,26.65,26.01,26.18,266046,BUG,alt
2022-09-16,25.63,25.69,25.02,25.21,286202,BUG,alt
2022-09-19,25.0,25.725,25.0,25.68,197044,BUG,alt
2022-09-20,25.51,25.6775,25.32,25.5,158044,BUG,alt
2022-09-21,25.51,25.91,25.1204,25.23,101931,BUG,alt
2022-09-22,25.0,25.0,24.22,24.29,220821,BUG,alt
2022-09-23,24.0,24.16,23.57,23.83,233880,BUG,alt
2022-09-26,23.83,24.27,23.69,23.8,211371,BUG,alt
2022-09-27,24.35,24.4,23.72,24.02,231766,BUG,alt
2022-09-28,24.01,24.589,23.94,24.52,247926,BUG,alt
2022-09-29,24.23,24.32,23.76,24.21,360756,BUG,alt
2022-09-30,24.13,24.76,24.01,24.04,111558,BUG,alt
2022-10-03,24.14,24.7,24.02,24.58,130121,BUG,alt
2022-10-04,25.14,25.5698,25.06,25.33,253316,BUG,alt
2022-10-05,24.92,25.54,24.735,25.4,328891,BUG,alt
2022-10-06,25.39,25.7,25.29,25.37,107128,BUG,alt
2022-10-07,24.89,24.96,24.2106,24.28,265769,BUG,alt
2022-10-10,24.27,24.34,23.18,23.28,167198,BUG,alt
2022-10-11,23.21,23.4,22.73,22.98,296921,BUG,alt
2022-10-12,22.98,22.99,22.46,22.77,135450,BUG,alt
2022-10-13,22.16,23.0763,21.86,23.01,250989,BUG,alt
2022-10-14,23.3,23.3181,22.34,22.38,111223,BUG,alt
2022-10-17,22.95,23.53,22.95,23.4,162370,BUG,alt
2022-10-18,23.93,24.3,23.68,23.95,171962,BUG,alt
2022-10-19,23.74,23.9101,23.44,23.55,147726,BUG,alt
2022-10-20,23.65,24.3127,23.61,23.83,187659,BUG,alt
2022-10-21,23.68,24.165,23.2828,24.13,239586,BUG,alt
2022-10-24,24.1,24.17,23.56,24.04,191801,BUG,alt
2022-10-25,24.19,24.89,24.19,24.85,209579,BUG,alt
2022-10-26,24.64,25.56,24.55,24.91,177567,BUG,alt
2022-10-27,25.01,25.6,25.01,25.19,172635,BUG,alt
2022-10-28,25.06,25.44,24.79,25.35,227934,BUG,alt
2022-10-31,25.18,25.52,25.1,25.27,158135,BUG,alt
2022-11-01,25.3,25.355,24.429,24.54,177774,BUG,alt
2022-11-02,24.45,24.45,23.35,23.35,203516,BUG,alt
2022-11-03,22.65,22.65,21.87,22.17,529846,BUG,alt
2022-11-04,22.4,22.4,21.25,21.59,978016,BUG,alt
2022-11-07,21.87,21.8878,21.2101,21.54,255750,BUG,alt
2022-11-08,21.72,22.6293,21.6,22.31,257831,BUG,alt
2022-11-09,22.05,22.05,21.5404,21.61,140692,BUG,alt
2022-11-10,22.85,23.19,22.684,23.19,260947,BUG,alt
2022-11-11,23.26,24.1499,23.22,24.03,294244,BUG,alt
2022-11-14,23.86,23.9,23.3201,23.54,222459,BUG,alt
2022-11-15,24.19,24.32,23.735,23.92,593692,BUG,alt
2022-11-16,23.8,23.8,23.16,23.33,357642,BUG,alt
2022-11-17,22.84,23.15,22.67,22.9,199378,BUG,alt
2022-11-18,23.46,23.6,22.91,23.03,249358,BUG,alt
2022-11-21,22.93,23.0,22.78,22.91,149757,BUG,alt
2022-11-22,22.97,22.97,22.47,22.84,1923122,BUG,alt
2022-11-23,22.83,23.43,22.7,23.25,185608,BUG,alt
2022-11-25,23.23,23.36,23.12,23.3,70656,BUG,alt
2022-11-28,23.11,23.31,22.89,22.96,173191,BUG,alt
2022-11-29,22.98,23.065,22.76,22.82,142708,BUG,alt
2022-11-30,22.32,22.95,21.94,22.95,624770,BUG,alt
2022-12-01,23.23,24.0399,23.15,23.82,476936,BUG,alt
2022-12-02,23.43,23.6,23.26,23.46,456815,BUG,alt
2022-12-05,23.28,23.43,22.58,22.76,163053,BUG,alt
2022-12-06,22.8,22.8,22.14,22.3,264865,BUG,alt
2022-12-07,22.14,22.49,22.06,22.15,492568,BUG,alt
2022-12-08,22.24,22.68,22.09,22.46,156018,BUG,alt
2022-12-09,22.4,22.63,22.37,22.51,110177,BUG,alt
2022-12-12,22.54,22.9,22.49,22.85,187407,BUG,alt
2022-12-13,23.7,23.86,22.91,23.17,312590,BUG,alt
2022-12-14,23.2,23.38,22.69,23.02,1453144,BUG,alt
2022-12-15,22.52,22.68,21.97,22.03,368742,BUG,alt
2022-12-16,21.85,22.13,21.6701,21.85,405860,BUG,alt
2022-12-19,21.87,21.87,21.283,21.37,701915,BUG,alt
2022-12-20,21.25,21.7,21.12,21.59,172970,BUG,alt
2022-12-21,21.53,21.5788,20.98,21.45,245755,BUG,alt
2022-12-22,21.23,21.27,20.75,21.04,245671,BUG,alt
2022-12-23,20.94,21.02,20.75,20.93,422719,BUG,alt
2022-12-27,20.94,20.99,20.56,20.59,273293,BUG,alt
2022-12-28,20.57,20.6989,20.25,20.31,3038065,BUG,alt
2022-12-29,20.51,20.84,20.2501,20.79,646255,BUG,alt
2022-12-30,20.47,20.76,20.47,20.75,255021,BUG,alt
2023-01-03,21.01,21.232,20.47,20.72,343797,BUG,alt
2023-01-04,20.9,21.1099,20.69,20.9,165236,BUG,alt
2023-01-05,20.76,20.76,19.87,19.9,2813618,BUG,alt
2023-01-06,20.01,20.23,19.58,20.19,348656,BUG,alt
2023-01-09,20.45,20.87,20.34,20.46,333577,BUG,alt
2023-01-10,20.34,20.54,20.09,20.43,262862,BUG,alt
2023-01-11,20.42,20.5518,20.2704,20.52,242746,BUG,alt
2023-01-12,20.6,20.67,20.03,20.48,168740,BUG,alt
2023-01-13,20.31,20.74,20.21,20.69,2801075,BUG,alt
2023-01-17,20.7,21.24,20.46,21.19,434609,BUG,alt
2023-01-18,21.45,21.7091,20.81,20.85,1711633,BUG,alt
2023-01-19,20.74,20.8787,20.55,20.71,148558,BUG,alt
2023-01-20,20.92,21.31,20.85,21.3,637566,BUG,alt
2023-01-23,21.33,21.69,21.25,21.69,242092,BUG,alt
2023-01-24,21.66,21.8804,21.438,21.53,198616,BUG,alt
2023-01-25,21.36,21.7099,21.06,21.69,266508,BUG,alt
2023-01-26,21.84,22.21,21.6401,22.15,263868,BUG,alt
2023-01-27,22.02,22.39,21.9,22.3,161389,BUG,alt
2023-01-30,22.03,22.04,21.63,21.69,336888,BUG,alt
2023-01-31,21.74,22.15,21.695,22.1317,154176,BUG,alt
2023-02-01,22.18,23.3819,22.06,23.25,340563,BUG,alt
2023-02-02,23.76,23.915,23.48,23.8,367621,BUG,alt
2023-02-03,23.32,23.53,22.96,23.1,224992,BUG,alt
2023-02-06,22.9,23.225,22.62,22.7,189311,BUG,alt
2023-02-07,22.8,23.3,22.47,23.28,143874,BUG,alt
2023-02-08,23.65,23.92,23.3539,23.41,297695,BUG,alt
2023-02-09,23.8,24.01,23.12,23.21,159519,BUG,alt
2023-02-10,23.01,23.09,22.6501,22.99,282733,BUG,alt
2023-02-13,22.99,23.31,22.871,23.13,86333,BUG,alt
2023-02-14,23.19,23.5929,22.88,23.34,137412,BUG,alt
2023-02-15,23.15,23.75,23.14,23.75,87991,BUG,alt
2023-02-16,23.36,23.43,23.03,23.05,256187,BUG,alt
2023-02-17,22.76,22.845,22.4601,22.82,114618,BUG,alt
2023-02-21,22.57,22.65,22.26,22.4,145784,BUG,alt
2023-02-22,22.73,22.88,22.61,22.78,170128,BUG,alt
2023-02-23,22.98,23.02,22.495,22.87,176750,BUG,alt
2023-02-24,22.43,22.6,22.34,22.5,96746,BUG,alt
2023-02-27,22.65,22.8912,22.48,22.55,364011,BUG,alt
2023-02-28,22.51,22.8,22.49,22.55,79476,BUG,alt
2023-03-01,22.6,22.77,22.43,22.53,171045,BUG,alt
2023-03-02,22.62,23.14,22.58,23.11,161225,BUG,alt
2023-03-03,23.1,23.4699,23.1,23.42,211193,BUG,alt
2023-03-06,23.45,23.5996,23.19,23.23,136166,BUG,alt
2023-03-07,23.3,23.3,22.88,22.91,64832,BUG,alt
2023-03-08,23.1,23.13,22.82,22.95,214744,BUG,alt
2023-03-09,23.01,23.05,22.23,22.23,134297,BUG,alt
2023-03-10,22.29,22.29,21.5575,21.68,129761,BUG,alt
2023-03-13,21.55,21.97,21.2,21.58,241680,BUG,alt
2023-03-14,21.93,22.16,21.85,22.14,417057,BUG,alt
2023-03-15,22.01,22.13,21.79,22.03,141558,BUG,alt
2023-03-16,21.94,22.31,21.7301,22.26,153406,BUG,alt
2023-03-17,22.33,22.38,21.99,22.11,138805,BUG,alt
2023-03-20,22.08,22.27,21.915,22.22,151001,BUG,alt
2023-03-21,22.35,22.7399,22.3,22.65,106120,BUG,alt
2023-03-22,22.61,22.75,22.1,22.1,88383,BUG,alt
2023-03-23,22.3,22.78,22.3,22.51,71606,BUG,alt
2023-03-24,22.38,22.44,22.1301,22.33,105697,BUG,alt
2023-03-27,22.5,22.6199,22.315,22.53,76833,BUG,alt
2023-03-28,22.39,22.47,22.23,22.32,153856,BUG,alt
2023-03-29,22.56,22.57,22.34,22.49,68891,BUG,alt
2023-03-30,22.68,22.7355,22.4701,22.63,68996,BUG,alt
2023-03-31,22.69,23.485,22.65,23.45,239637,BUG,alt
2023-04-03,23.31,23.31,22.97,23.13,90080,BUG,alt
2023-04-04,23.12,23.335,23.055,23.2,160903,BUG,alt
2023-04-05,23.16,23.16,22.42,22.7,135953,BUG,alt
2023-04-06,22.56,22.9,22.3801,22.9,76706,BUG,alt
2023-04-10,22.68,22.82,22.24,22.79,54995,BUG,alt
2023-04-11,22.68,22.93,22.5654,22.84,40376,BUG,alt
2023-04-12,23.13,23.2814,22.84,22.87,76744,BUG,alt
2023-04-13,22.9,23.36,22.9,23.2,91430,BUG,alt
2023-04-14,23.01,23.22,22.78,23.1,69383,BUG,alt
2023-04-17,23.1,23.24,23.0,23.2,94617,BUG,alt
2023-04-18,23.4,23.5788,23.06,23.1,93368,BUG,alt
2023-04-19,22.86,22.9822,22.7501,22.84,662392,BUG,alt
2023-04-20,22.61,22.8286,22.6,22.72,135877,BUG,alt
2023-04-21,22.77,23.02,22.7353,22.92,93098,BUG,alt
2023-04-24,22.92,22.98,22.43,22.59,80683,BUG,alt
2023-04-25,21.94,21.96,21.36,21.36,281072,BUG,alt
2023-04-26,21.51,21.74,21.41,21.46,138431,BUG,alt
2023-04-27,21.63,21.73,21.405,21.58,605957,BUG,alt
2023-04-28,21.31,21.52,21.1,21.34,107359,BUG,alt
2023-05-01,21.2,21.4,21.0,21.23,2446623,BUG,alt
2023-05-02,21.23,21.23,20.79,20.9,622987,BUG,alt
2023-05-03,20.89,21.04,20.79,20.85,104265,BUG,alt
2023-05-04,20.89,21.06,20.86,20.98,1753443,BUG,alt
2023-05-05,21.0,21.73,21.0,21.68,126328,BUG,alt
2023-05-08,22.0,22.37,21.99,22.37,199940,BUG,alt
2023-05-09,22.3,22.5,22.07,22.19,192676,BUG,alt
2023-05-10,22.42,22.81,22.39,22.72,96770,BUG,alt
2023-05-11,22.78,22.78,22.445,22.59,159477,BUG,alt
2023-05-12,22.63,22.67,22.16,22.39,55377,BUG,alt
2023-05-15,22.45,22.73,22.32,22.69,92505,BUG,alt
2023-05-16,22.49,22.55,22.375,22.41,99753,BUG,alt
2023-05-17,22.39,22.63,22.26,22.61,112863,BUG,alt
2023-05-18,22.57,22.85,22.56,22.85,147655,BUG,alt
2023-05-19,22.94,23.0806,22.85,23.03,138953,BUG,alt
2023-05-22,23.06,23.4499,23.0,23.31,154743,BUG,alt
2023-05-23,23.29,23.5,23.07,23.1,95114,BUG,alt
2023-05-24,23.08,23.485,23.0,23.41,185474,BUG,alt
2023-05-25,23.63,23.74,23.35,23.51,159993,BUG,alt
2023-05-26,23.46,24.1272,23.3575,23.88,162130,BUG,alt
2023-05-30,24.24,24.4,23.89,23.98,233107,BUG,alt
2023-05-31,23.95,24.35,23.922,24.34,99809,BUG,alt
2023-06-01,23.81,24.16,23.331,24.01,163071,BUG,alt
2023-06-02,23.82,23.95,23.615,23.72,186575,BUG,alt
2023-06-05,23.71,23.8864,23.43,23.78,83112,BUG,alt
2023-06-06,23.67,24.1748,23.64,24.08,101767,BUG,alt
2023-06-07,24.2,24.26,23.54,23.62,94185,BUG,alt
2023-06-08,23.67,23.9536,23.54,23.82,335352,BUG,alt
2023-06-09,23.82,24.0,23.53,23.73,197920,BUG,alt
2023-06-12,23.84,24.22,23.84,24.21,150826,BUG,alt
2023-06-13,24.5,24.59,24.34,24.56,175953,BUG,alt
2023-06-14,24.54,24.73,24.31,24.63,155972,BUG,alt
2023-06-15,24.48,25.09,24.4,25.04,810446,BUG,alt
2023-06-16,25.36,25.435,24.84,24.93,273823,BUG,alt
2023-06-20,24.71,24.8,24.22,24.37,314324,BUG,alt
2023-06-21,24.3,24.3,23.73,23.93,94342,BUG,alt
2023-06-22,23.8,24.1,23.68,24.08,140324,BUG,alt
2023-06-23,23.74,23.82,23.58,23.61,82653,BUG,alt
2023-06-26,23.7227,23.84,23.38,23.43,1560126,BUG,alt
2023-06-27,23.43,23.95,23.43,23.88,88144,BUG,alt
2023-06-28,23.88,24.09,23.77,23.83,154247,BUG,alt
2023-06-29,23.84,24.1479,23.84,24.14,143557,BUG,alt
2023-06-30,24.3,24.5899,24.25,24.26,83884,BUG,alt
2023-07-03,24.325,24.3499,24.0552,24.14,39447,BUG,alt
2023-07-05,24.0,24.12,23.91,23.99,93445,BUG,alt
2023-07-06,23.6,23.6,23.25,23.46,904413,BUG,alt
2023-07-07,23.46,23.73,23.46,23.52,98183,BUG,alt
2023-07-10,23.48,24.11,23.425,24.09,229289,BUG,alt
2023-07-11,24.13,24.1967,23.965,24.12,115383,BUG,alt
2023-07-12,24.42,24.45,23.5801,23.72,563836,BUG,alt
2023-07-13,23.87,24.37,23.87,24.32,788324,BUG,alt
2023-07-14,24.35,24.38,23.912,23.98,104529,BUG,alt
2023-07-17,23.95,24.4336,23.95,24.31,117437,BUG,alt
2023-07-18,24.43,24.73,24.38,24.63,357933,BUG,alt
2023-07-19,24.75,25.06,24.6276,24.8,168683,BUG,alt
2023-07-20,24.58,24.64,24.04,24.15,130543,BUG,alt
2023-07-21,24.3,24.49,24.2,24.23,85637,BUG,alt
2023-07-24,24.26,24.41,24.04,24.26,95184,BUG,alt
2023-07-25,24.44,24.6716,24.42,24.52,91632,BUG,alt
2023-07-26,24.52,24.9,24.45,24.82,65642,BUG,alt
2023-07-27,25.13,25.18,24.63,24.69,138041,BUG,alt
2023-07-28,24.85,25.08,24.75,24.95,100993,BUG,alt
2023-07-31,25.02,25.43,25.0,25.405,182803,BUG,alt
2023-08-01,25.35,25.7,25.18,25.62,146145,BUG,alt
2023-08-02,25.13,25.13,24.13,24.29,587614,BUG,alt
2023-08-03,24.15,24.49,24.12,24.44,814331,BUG,alt
2023-08-04,24.11,24.16,23.6,23.8,186274,BUG,alt
2023-08-07,23.91,24.0,23.51,23.91,105428,BUG,alt
2023-08-08,23.64,23.64,23.2041,23.39,179176,BUG,alt
2023-08-09,23.5,23.7,23.36,23.52,572561,BUG,alt
2023-08-10,23.71,24.05,23.65,23.78,131108,BUG,alt
2023-08-11,23.59,23.94,23.59,23.77,61954,BUG,alt
2023-08-14,23.76,24.09,23.69,23.96,165154,BUG,alt
2023-08-15,23.77,23.9,23.6001,23.67,217746,BUG,alt
2023-08-16,23.54,23.6479,23.38,23.41,152029,BUG,alt
2023-08-17,23.41,23.41,22.86,22.87,94233,BUG,alt
2023-08-18,22.67,23.055,22.5,22.99,130151,BUG,alt
2023-08-21,23.36,23.77,23.36,23.65,403856,BUG,alt
2023-08-22,23.8,23.8,23.5,23.59,134592,BUG,alt
2023-08-23,23.73,23.99,23.53,23.93,163324,BUG,alt
2023-08-24,24.02,24.14,23.33,23.33,133823,BUG,alt
2023-08-25,23.37,24.04,23.3,23.94,105162,BUG,alt
2023-08-28,24.0,24.1,23.84,23.97,149026,BUG,alt
2023-08-29,23.87,24.33,23.8322,24.21,110423,BUG,alt
2023-08-30,24.16,24.47,24.1423,24.44,123530,BUG,alt
2023-08-31,24.73,25.16,24.63,25.09,536281,BUG,alt
2023-09-01,25.33,25.435,25.15,25.27,92967,BUG,alt
2023-09-05,25.09,25.31,25.01,25.29,1173014,BUG,alt
2023-09-06,25.23,25.42,25.0,25.21,124589,BUG,alt
2023-09-07,24.88,25.13,24.82,24.97,99547,BUG,alt
2023-09-08,25.01,25.1799,25.01,25.05,59487,BUG,alt
2023-09-11,25.3,25.62,25.15,25.61,158665,BUG,alt
2023-09-12,25.4,25.562,25.18,25.18,94008,BUG,alt
2023-09-13,25.14,25.25,25.02,25.06,128155,BUG,alt
2023-09-14,25.13,25.3,25.07,25.23,84787,BUG,alt
2023-09-15,25.09,25.09,24.68,24.74,138259,BUG,alt
2023-09-18,24.68,24.9,24.6729,24.75,76147,BUG,alt
2023-09-19,24.72,24.72,24.4,24.64,114682,BUG,alt
2023-09-20,24.79,25.1199,24.6901,24.73,92407,BUG,alt
2023-09-21,24.53,24.65,24.12,24.22,180945,BUG,alt
2023-09-22,24.28,24.5,24.25,24.3,153351,BUG,alt
2023-09-25,24.26,24.26,24.02,24.1,94606,BUG,alt
2023-09-26,23.92,24.1198,23.71,23.78,80061,BUG,alt
2023-09-27,23.91,24.1793,23.8325,24.02,128920,BUG,alt
2023-09-28,23.99,24.28,23.84,24.18,166550,BUG,alt
2023-09-29,24.45,24.4982,24.185,24.29,57559,BUG,alt
2023-10-02,24.22,24.48,24.2,24.27,52372,BUG,alt
2023-10-03,24.09,24.1637,23.59,23.68,69019,BUG,alt
2023-10-04,23.5,23.68,23.43,23.62,74660,BUG,alt
2023-10-05,23.6,23.63,23.23,23.51,104657,BUG,alt
2023-10-06,23.34,24.3499,23.34,24.33,128127,BUG,alt
2023-10-09,24.01,24.56,24.01,24.41,78634,BUG,alt
2023-10-10,24.44,24.8,24.44,24.59,122215,BUG,alt
2023-10-11,24.65,24.79,24.45,24.59,151103,BUG,alt
2023-10-12,24.63,24.63,24.0201,24.21,93845,BUG,alt
2023-10-13,24.24,24.37,23.8758,24.05,85973,BUG,alt
2023-10-16,24.2,24.64,24.112,24.58,143395,BUG,alt
2023-10-17,24.34,24.8951,24.34,24.71,149927,BUG,alt
2023-10-18,24.54,24.7799,24.42,24.44,84684,BUG,alt
2023-10-19,24.59,24.74,24.16,24.205,79912,BUG,alt
2023-10-20,24.1,24.105,23.4,23.45,136448,BUG,alt
2023-10-23,23.26,23.5159,22.9702,23.28,165294,BUG,alt
2023-10-24,23.39,23.852,23.39,23.7,104750,BUG,alt
2023-10-25,23.55,23.55,22.83,22.88,104710,BUG,alt
2023-10-26,22.84,23.11,22.555,22.67,155138,BUG,alt
2023-10-27,22.81,22.89,22.551,22.61,112504,BUG,alt
2023-10-30,22.87,22.87,22.55,22.74,87088,BUG,alt
2023-10-31,22.82,23.21,22.69,23.1,137323,BUG,alt
2023-11-01,23.24,23.31,22.7767,23.1,84383,BUG,alt
2023-11-02,23.39,23.43,23.11,23.29,142199,BUG,alt
2023-11-03,23.12,23.9899,23.077,23.84,198746,BUG,alt
2023-11-06,23.86,23.86,23.31,23.6,144598,BUG,alt
2023-11-07,23.76,24.24,23.71,24.12,123383,BUG,alt
2023-11-08,24.12,24.38,24.01,24.15,131483,BUG,alt
2023-11-09,24.23,24.5443,24.05,24.17,124109,BUG,alt
2023-11-10,24.33,24.7399,24.31,24.67,109810,BUG,alt
2023-11-13,24.52,24.78,24.5,24.78,115701,BUG,alt
2023-11-14,25.2,25.7,25.2,25.7,234081,BUG,alt
2023-11-15,25.81,25.89,25.31,25.45,95554,BUG,alt
2023-11-16,25.15,25.34,24.96,25.25,92099,BUG,alt
2023-11-17,25.3,25.59,25.1601,25.53,81479,BUG,alt
2023-11-20,25.55,25.92,25.55,25.84,93542,BUG,alt
2023-11-21,25.8,25.91,25.63,25.86,81544,BUG,alt
2023-11-22,25.92,26.0,25.7501,25.89,101014,BUG,alt
2023-11-24,25.79,26.1,25.75,26.1,41989,BUG,alt
2023-11-27,25.97,26.248,25.94,26.23,76444,BUG,alt
2023-11-28,25.98,26.3712,25.96,26.25,134605,BUG,alt
2023-11-29,26.44,27.02,26.44,27.0,301412,BUG,alt
2023-11-30,26.87,27.08,26.56,26.77,194120,BUG,alt
2023-12-01,26.71,27.35,26.67,27.3,127169,BUG,alt
2023-12-04,27.0,27.4613,27.0,27.41,135708,BUG,alt
2023-12-05,27.25,27.5,27.14,27.5,190527,BUG,alt
2023-12-06,27.91,28.16,27.58,27.59,190838,BUG,alt
2023-12-07,27.57,27.6799,27.2773,27.61,77230,BUG,alt
2023-12-08,27.45,27.99,27.45,27.95,213919,BUG,alt
2023-12-11,27.96,28.315,27.92,28.3,138684,BUG,alt
2023-12-12,28.24,28.5,27.9253,28.38,252851,BUG,alt
2023-12-13,28.54,28.96,28.27,28.82,141227,BUG,alt
2023-12-14,29.11,29.304,28.7,28.99,208969,BUG,alt
2023-12-15,28.96,29.4699,28.9303,29.32,184270,BUG,alt
2023-12-18,29.42,29.48,29.23,29.43,205260,BUG,alt
2023-12-19,29.52,29.8,29.4101,29.76,154744,BUG,alt
2023-12-20,29.68,29.87,29.1933,29.2,243658,BUG,alt
2023-12-21,29.24,29.4298,29.06,29.37,161020,BUG,alt
2023-12-22,29.4,29.5499,29.2701,29.42,129424,BUG,alt
2023-12-26,29.52,29.8,29.4215,29.67,202030,BUG,alt
2023-12-27,29.75,29.78,29.52,29.61,248704,BUG,alt
2023-12-28,29.58,29.63,29.3602,29.45,148065,BUG,alt
2023-12-29,29.37,29.45,29.0204,29.31,284563,BUG,alt
2024-01-02,29.0,29.0,28.3201,28.54,191825,BUG,alt
2024-01-03,28.23,28.505,27.98,27.99,343851,BUG,alt
2024-01-04,27.98,28.08,27.79,27.87,105847,BUG,alt
2024-01-05,27.68,27.9015,27.63,27.71,114610,BUG,alt
2024-01-08,27.79,28.39,27.79,28.39,208857,BUG,alt
2024-01-09,28.19,28.87,28.1871,28.79,172499,BUG,alt
2024-01-10,28.88,29.3,28.7811,29.3,197243,BUG,alt
2024-01-11,29.52,29.72,29.2001,29.65,369483,BUG,alt
2024-01-12,29.9,30.2,29.8,29.95,169093,BUG,alt
2024-01-16,29.78,29.93,29.5708,29.75,420403,BUG,alt
2024-01-17,29.51,29.51,28.92,29.31,216599,BUG,alt
2024-01-18,29.6,29.73,29.36,29.66,190089,BUG,alt
2024-01-19,29.79,29.83,29.41,29.8,174616,BUG,alt
2024-01-22,30.21,30.58,30.2,30.52,295355,BUG,alt
2024-01-23,30.71,30.746,30.32,30.49,198800,BUG,alt
2024-01-24,30.8,30.87,30.25,30.25,399473,BUG,alt
2024-01-25,30.61,30.62,30.0535,30.25,194223,BUG,alt
2024-01-26,30.28,30.42,30.1,30.25,139698,BUG,alt
2024-01-29,30.27,30.86,30.27,30.84,176531,BUG,alt
2024-01-30,30.84,30.98,30.55,30.69,184780,BUG,alt
2024-01-31,30.51,30.5913,30.0,30.03,219723,BUG,alt
2024-02-01,30.28,30.48,30.01,30.43,132375,BUG,alt
2024-02-02,30.19,30.2,29.7561,30.12,326248,BUG,alt
2024-02-05,29.78,29.88,29.2,29.54,440863,BUG,alt
2024-02-06,29.74,29.93,29.4,29.88,151423,BUG,alt
2024-02-07,30.57,30.7,30.2601,30.53,286952,BUG,alt
2024-02-08,30.43,30.93,30.22,30.89,212358,BUG,alt
2024-02-09,31.09,31.78,31.09,31.64,571762,BUG,alt
2024-02-12,31.6,31.63,31.26,31.4,271981,BUG,alt
2024-02-13,30.5,31.05,30.24,30.75,207474,BUG,alt
2024-02-14,31.2,31.49,31.055,31.43,181581,BUG,alt
2024-02-15,31.67,31.75,31.185,31.46,197587,BUG,alt
2024-02-16,31.27,31.37,30.725,30.94,321698,BUG,alt
2024-02-20,30.9,30.91,30.271,30.67,238140,BUG,alt
2024-02-21,28.65,28.73,28.22,28.6,983072,BUG,alt
2024-02-22,29.22,29.37,29.0,29.21,559093,BUG,alt
2024-02-23,29.44,29.81,29.35,29.62,325657,BUG,alt
2024-02-26,29.75,30.3198,29.55,30.04,345083,BUG,alt
2024-02-27,30.32,30.555,30.0727,30.32,174903,BUG,alt
2024-02-28,30.18,30.24,29.96,30.2,245979,BUG,alt
2024-02-29,30.81,30.9599,30.4,30.68,190814,BUG,alt
2024-03-01,30.62,30.62,30.17,30.57,352271,BUG,alt
2024-03-04,30.47,30.5185,30.18,30.25,315966,BUG,alt
2024-03-05,30.0,30.05,29.095,29.4,389339,BUG,alt
2024-03-06,30.45,30.56,29.7,29.8,219190,BUG,alt
2024-03-07,30.22,30.36,29.87,30.3,172700,BUG,alt
2024-03-08,30.49,30.78,30.09,30.2,193226,BUG,alt
2024-03-11,30.11,30.69,30.11,30.56,143738,BUG,alt
2024-03-12,30.75,30.939,30.49,30.86,106299,BUG,alt
2024-03-13,30.81,31.0992,30.7,30.91,153252,BUG,alt
2024-03-14,30.71,30.74,30.0208,30.29,128349,BUG,alt
2024-03-15,30.05,30.128,29.72,29.72,145585,BUG,alt
2024-03-18,29.88,29.97,29.6815,29.86,104461,BUG,alt
2024-03-19,29.6,29.79,29.34,29.75,148584,BUG,alt
2024-03-20,29.8,30.22,29.72,30.15,149267,BUG,alt
2024-03-21,30.3,30.48,30.16,30.22,205100,BUG,alt
2024-03-22,30.07,30.12,29.722,29.8,109460,BUG,alt
2024-03-25,29.7,29.81,29.5876,29.64,89626,BUG,alt
2024-03-26,29.8,29.8597,29.54,29.64,132137,BUG,alt
2024-03-27,29.8,29.8492,29.3505,29.57,241895,BUG,alt
2024-03-28,29.62,29.98,29.62,29.75,251336,BUG,alt
2024-04-01,29.89,29.89,29.445,29.66,104916,BUG,alt
2024-04-02,29.39,29.56,29.12,29.49,358675,BUG,alt
2024-04-03,29.46,29.675,29.3024,29.54,91391,BUG,alt
2024-04-04,29.81,29.9088,29.06,29.06,102924,BUG,alt
2024-04-05,29.07,29.4717,29.05,29.38,101932,BUG,alt
2024-04-08,29.39,29.44,29.15,29.35,79847,BUG,alt
2024-04-09,29.45,29.583,29.3129,29.5,81261,BUG,alt
2024-04-10,29.0,29.2681,28.99,29.09,100220,BUG,alt
2024-04-11,29.35,29.4035,28.97,29.28,86795,BUG,alt
2024-04-12,29.12,29.18,28.55,28.64,291098,BUG,alt
2024-04-15,28.77,28.77,27.73,27.77,299720,BUG,alt
2024-04-16,27.7,27.93,27.57,27.75,143476,BUG,alt
2024-04-17,27.79,27.9,27.46,27.48,278285,BUG,alt
2024-04-18,27.56,27.85,27.4,27.54,203748,BUG,alt
2024-04-19,27.54,27.68,27.22,27.38,115318,BUG,alt
2024-04-22,27.62,27.88,27.3378,27.74,76519,BUG,alt
2024-04-23,27.87,28.5,27.87,28.41,95788,BUG,alt
2024-04-24,28.5,28.73,28.4111,28.67,1463240,BUG,alt
2024-04-25,28.12,28.3452,27.84,28.28,119762,BUG,alt
2024-04-26,28.71,28.9,28.58,28.62,163132,BUG,alt
2024-04-29,28.77,28.9876,28.53,28.61,76783,BUG,alt
2024-04-30,28.52,28.55,28.05,28.05,72102,BUG,alt
2024-05-01,28.07,28.905,28.07,28.33,77450,BUG,alt
2024-05-02,28.54,28.63,28.21,28.61,86117,BUG,alt
2024-05-03,28.89,28.89,28.4,28.65,119177,BUG,alt
2024-05-06,28.66,29.0669,28.66,29.03,249840,BUG,alt
2024-05-07,29.03,29.25,28.87,29.05,139249,BUG,alt
2024-05-08,28.82,28.82,28.44,28.67,130466,BUG,alt
2024-05-09,28.55,28.7004,28.48,28.69,86391,BUG,alt
2024-05-10,28.9,29.14,28.77,28.77,97971,BUG,alt
2024-05-13,28.96,29.0869,28.88,28.91,64704,BUG,alt
2024-05-14,29.31,29.5,29.1399,29.35,67168,BUG,alt
2024-05-15,29.55,29.81,29.48,29.79,151529,BUG,alt
2024-05-16,29.78,29.889,29.5342,29.77,168826,BUG,alt
2024-05-17,29.67,29.69,29.48,29.57,105203,BUG,alt
2024-05-20,29.62,29.8,29.4901,29.78,93664,BUG,alt
2024-05-21,29.34,29.55,29.21,29.48,366757,BUG,alt
2024-05-22,29.51,29.55,29.22,29.38,105757,BUG,alt
2024-05-23,29.57,29.57,28.96,29.07,128298,BUG,alt
2024-05-24,29.08,29.3899,29.04,29.28,188149,BUG,alt
2024-05-28,29.32,29.44,28.8558,28.99,199633,BUG,alt
2024-05-29,28.6,28.93,28.57,28.75,280096,BUG,alt
2024-05-30,28.73,28.73,27.85,27.95,150312,BUG,alt
2024-05-31,28.13,28.155,27.615,28.12,106238,BUG,alt
2024-06-03,28.3,28.37,27.68,27.81,169173,BUG,alt
2024-06-04,27.78,27.95,27.53,27.54,326274,BUG,alt
2024-06-05,27.9,28.26,27.6634,28.21,178775,BUG,alt
2024-06-06,28.15,28.33,28.1307,28.18,92587,BUG,alt
2024-06-07,28.03,28.18,27.89,28.13,157605,BUG,alt
2024-06-10,28.1,28.66,28.1,28.6,121307,BUG,alt
2024-06-11,28.55,28.75,28.3874,28.75,94246,BUG,alt
2024-06-12,29.14,29.3,28.935,29.02,252701,BUG,alt
2024-06-13,29.04,29.1,28.425,28.56,134088,BUG,alt
2024-06-14,28.57,28.58,28.2327,28.4,129327,BUG,alt
2024-06-17,28.18,28.33,27.96,28.28,144367,BUG,alt
2024-06-18,28.26,28.3,27.95,28.0,131370,BUG,alt
2024-06-20,27.92,27.97,27.7,27.86,278133,BUG,alt
2024-06-21,27.91,28.14,27.8,28.14,205682,BUG,alt
2024-06-24,28.16,28.26,28.01,28.1,230089,BUG,alt
2024-06-25,28.18,28.3,28.11,28.19,139913,BUG,alt
2024-06-26,28.09,28.34,27.94,28.21,133139,BUG,alt
2024-06-27,28.34,29.36,28.33,29.31,236094,BUG,alt
2024-06-28,29.52,29.7,29.43,29.58,194008,BUG,alt
2024-07-01,29.64,29.6999,29.3101,29.53,193972,BUG,alt
2024-07-02,29.46,29.65,29.3501,29.65,109088,BUG,alt
2024-07-03,29.62,29.9,29.51,29.69,206955,BUG,alt
2024-07-05,29.67,29.97,29.645,29.93,125411,BUG,alt
2024-07-08,29.91,29.92,29.5,29.73,113836,BUG,alt
2024-07-09,29.71,29.8,29.1101,29.32,177341,BUG,alt
2024-07-10,29.38,29.41,28.88,29.29,200499,BUG,alt
2024-07-11,29.53,30.03,29.48,29.51,224976,BUG,alt
2024-07-12,29.71,30.02,29.6,29.95,154609,BUG,alt
2024-07-15,29.99,30.36,29.93,30.16,143493,BUG,alt
2024-07-16,30.36,30.49,30.2116,30.46,161345,BUG,alt
2024-07-17,30.09,30.21,29.7,29.9,240125,BUG,alt
2024-07-18,30.0,30.0,29.11,29.33,150701,BUG,alt
2024-07-19,29.32,29.451,29.04,29.12,135636,BUG,alt
2024-07-22,29.39,29.5099,29.1201,29.24,292506,BUG,alt
2024-07-23,29.23,29.65,29.2,29.49,236093,BUG,alt
2024-07-24,29.33,29.65,28.84,28.89,223913,BUG,alt
2024-07-25,28.95,29.579,28.81,29.08,255014,BUG,alt
2024-07-26,29.42,29.44,29.0101,29.44,285989,BUG,alt
2024-07-29,29.57,29.57,29.19,29.19,153286,BUG,alt
2024-07-30,29.45,29.66,28.93,29.31,174521,BUG,alt
2024-07-31,29.65,29.9599,29.41,29.75,88815,BUG,alt
2024-08-01,29.34,29.34,28.43,28.65,596818,BUG,alt
2024-08-02,28.09,28.13,27.68,28.1,367201,BUG,alt
2024-08-05,26.69,27.7,26.03,27.33,365805,BUG,alt
2024-08-06,27.47,27.8489,27.3,27.56,194710,BUG,alt
2024-08-07,28.25,28.785,27.99,28.06,217999,BUG,alt
2024-08-08,28.35,28.95,28.29,28.89,413851,BUG,alt
2024-08-09,28.9,29.1,28.81,29.06,88770,BUG,alt
2024-08-12,29.06,29.27,28.81,28.87,113477,BUG,alt
2024-08-13,29.14,29.46,28.95,29.43,132375,BUG,alt
2024-08-14,29.48,29.75,29.45,29.62,58560,BUG,alt
2024-08-15,29.86,30.1399,29.83,30.09,209615,BUG,alt
2024-08-16,29.95,30.2199,29.9241,30.17,76718,BUG,alt
2024-08-19,30.25,30.63,30.25,30.62,117164,BUG,alt
2024-08-20,30.87,31.09,30.83,30.87,245244,BUG,alt
2024-08-21,30.97,31.11,30.82,31.1,174068,BUG,alt
2024-08-22,31.19,31.2,30.64,30.69,131381,BUG,alt
2024-08-23,31.06,31.09,30.76,31.08,89070,BUG,alt
2024-08-26,31.11,31.2,30.93,31.02,161182,BUG,alt
2024-08-27,30.86,31.1,30.8401,31.05,214234,BUG,alt
2024-08-28,31.02,31.1,30.63,30.83,84484,BUG,alt
2024-08-29,30.79,31.26,30.78,30.87,59744,BUG,alt
2024-08-30,31.09,31.17,30.66,30.87,257876,BUG,alt
2024-09-03,30.83,31.01,30.21,30.28,190230,BUG,alt
2024-09-04,29.65,29.96,29.55,29.85,105677,BUG,alt
2024-09-05,29.69,29.74,29.37,29.61,93809,BUG,alt
2024-09-06,29.6,29.74,28.86,28.94,98407,BUG,alt
2024-09-09,29.2,29.29,28.9704,29.01,73480,BUG,alt
2024-09-10,29.16,29.16,28.68,29.01,381497,BUG,alt
2024-09-11,29.01,29.34,28.66,29.33,87622,BUG,alt
2024-09-12,29.39,29.71,29.325,29.57,73953,BUG,alt
2024-09-13,29.71,30.03,29.71,29.93,80426,BUG,alt
2024-09-16,29.89,30.18,29.87,30.15,199429,BUG,alt
2024-09-17,30.26,30.34,30.06,30.2,230643,BUG,alt
2024-09-18,30.19,30.21,29.73,29.86,244357,BUG,alt
2024-09-19,30.49,30.5773,30.2,30.39,114082,BUG,alt
2024-09-20,30.26,30.585,30.2,30.57,74554,BUG,alt
2024-09-23,30.61,30.79,30.59,30.7,54359,BUG,alt
2024-09-24,30.74,30.825,30.5113,30.76,93074,BUG,alt
2024-09-25,30.69,30.72,30.35,30.44,57702,BUG,alt
2024-09-26,30.86,31.0,30.48,30.87,98109,BUG,alt
2024-09-27,30.81,30.818101,30.53,30.67,202946,BUG,alt
2024-09-30,30.62,30.98,30.62,30.95,70910,BUG,alt
2024-10-01,30.93,30.93,30.11,30.22,133504,BUG,alt
2024-10-02,30.11,30.4776,30.1062,30.29,59696,BUG,alt
2024-10-03,30.14,30.260568,30.04,30.13,66273,BUG,alt
2024-10-04,30.52,30.66,30.25,30.6,87411,BUG,alt
2024-10-07,30.49,30.56,30.11,30.22,54524,BUG,alt
2024-10-08,30.33,30.78,30.33,30.71,111730,BUG,alt
2024-10-09,30.77,31.49,30.77,31.42,142574,BUG,alt
2024-10-10,31.23,32.0,31.19,31.97,148177,BUG,alt
2024-10-11,32.03,32.4468,32.02,32.33,134215,BUG,alt
2024-10-14,32.57,32.65,32.1,32.33,87977,BUG,alt
2024-10-15,32.33,32.399,32.05,32.2,140999,BUG,alt
2024-10-16,32.2,32.23,31.91,32.08,125276,BUG,alt
2024-10-17,32.12,32.1981,31.8534,31.92,69880,BUG,alt
2024-10-18,32.05,32.1686,31.87,31.88,55742,BUG,alt
2024-10-21,31.92,32.2999,31.7101,31.92,83414,BUG,alt
2024-10-22,31.67,31.82,31.61,31.66,57426,BUG,alt
2024-10-23,31.5,31.51,30.86,30.88,118669,BUG,alt
2024-10-24,31.11,31.26,30.95,31.03,84082,BUG,alt
2024-10-25,31.17,31.46,30.9801,31.1,50660,BUG,alt
2024-10-28,31.32,31.507,31.177,31.22,69154,BUG,alt
2024-10-29,31.02,31.25,30.85,31.14,93332,BUG,alt
2024-10-30,31.09,31.24,30.63,30.69,64035,BUG,alt
2024-10-31,30.87,31.2,30.41,30.49,107374,BUG,alt
2024-11-01,30.71,30.72,30.46,30.51,46245,BUG,alt
2024-11-04,30.44,30.7344,30.265,30.55,143472,BUG,alt
2024-11-05,30.6,31.09,30.6,31.03,89803,BUG,alt
2024-11-06,31.86,32.31,31.79,32.24,129043,BUG,alt
2024-11-07,32.33,32.6097,32.2307,32.55,179066,BUG,alt
2024-11-08,32.59,32.87,32.55,32.77,205384,BUG,alt
2024-11-11,33.06,33.48,33.06,33.4,148274,BUG,alt
2024-11-12,33.24,33.47,33.075,33.43,268502,BUG,alt
2024-11-13,33.62,34.1599,33.5,33.56,283978,BUG,alt
2024-11-14,33.56,33.56,33.15,33.16,130346,BUG,alt
2024-11-15,32.87,33.01,32.38,32.53,135227,BUG,alt
2024-11-18,32.6,32.719,32.35,32.38,70885,BUG,alt
2024-11-19,32.16,32.6989,32.1,32.62,102173,BUG,alt
2024-11-20,32.59,32.74,32.174,32.7,192616,BUG,alt
2024-11-21,32.74,33.6168,32.7175,33.36,519510,BUG,alt
2024-11-22,33.47,33.5833,33.3,33.52,211018,BUG,alt
2024-11-25,33.66,33.7551,33.332,33.38,187270,BUG,alt
2024-11-26,33.5,33.8347,33.45,33.79,92621,BUG,alt
2024-11-27,33.78,33.78,33.275,33.52,198543,BUG,alt
2024-11-29,33.52,33.62,33.45,33.53,49187,BUG,alt
2024-12-02,33.5,33.89,33.26,33.76,94272,BUG,alt
2024-12-03,33.47,33.7099,33.35,33.66,111022,BUG,alt
2024-12-04,34.2,34.58,33.92,34.51,168238,BUG,alt
2024-12-05,34.25,34.429,34.09,34.12,114023,BUG,alt
2024-12-06,34.21,34.3993,34.13,34.28,88056,BUG,alt
2024-12-09,34.84,34.92,34.21,34.23,290301,BUG,alt
2024-12-10,34.12,34.1599,33.7,33.87,111472,BUG,alt
2024-12-11,34.12,34.4,33.97,34.29,97586,BUG,alt
2024-12-12,34.11,34.39,34.11,34.33,62976,BUG,alt
2024-12-13,34.42,34.42,33.64,33.75,89713,BUG,alt
2024-12-16,33.72,34.28,33.55,34.21,134357,BUG,alt
2024-12-17,33.96,34.05,33.71,33.88,116681,BUG,alt
2024-12-18,33.9,33.9,32.0914,32.22,271700,BUG,alt
2024-12-19,32.73,32.92,32.27,32.48,151476,BUG,alt
2024-12-20,32.13,32.9899,32.0,32.68,106060,BUG,alt
2024-12-23,32.59,32.7,32.3104,32.58,97619,BUG,alt
2024-12-24,32.56,32.76,32.44,32.73,46797,BUG,alt
2024-12-26,32.57,32.9,32.51,32.84,84054,BUG,alt
2024-12-27,32.76,32.76,32.1388,32.49,113277,BUG,alt
2024-12-30,32.14,32.397,31.78,32.19,119202,BUG,alt
2024-12-31,32.36,32.36,31.9701,32.09,98181,BUG,alt
2025-01-02,32.43,32.635,31.95,32.13,198886,BUG,alt
2025-01-03,32.29,32.59,32.25,32.49,195966,BUG,alt
2025-01-06,32.68,32.83,32.32,32.45,427323,BUG,alt
2025-01-07,32.5,32.58,31.86,32.06,100517,BUG,alt
2025-01-08,31.94,32.19,31.58,32.08,110277,BUG,alt
2025-01-10,31.92,32.03,31.62,31.87,122749,BUG,alt
2025-01-13,31.57,31.72,31.25,31.56,127801,BUG,alt
2025-01-14,31.84,32.0178,31.6333,31.87,84207,BUG,alt
2025-01-15,32.335,32.475,32.14,32.37,103583,BUG,alt
2025-01-16,32.53,32.7919,32.345,32.62,78823,BUG,alt
2025-01-17,32.9,33.05,32.47,32.49,121755,BUG,alt
2025-01-21,32.84,33.1,32.66,33.1,108373,BUG,alt
2025-01-22,33.22,33.33,33.0,33.31,92582,BUG,alt
2025-01-23,33.09,33.37,32.98,33.37,82475,BUG,alt
2025-01-24,33.38,33.75,33.27,33.32,124116,BUG,alt
2025-01-27,32.74,33.84,32.74,33.26,180036,BUG,alt
2025-01-28,33.36,34.5595,33.29,34.55,1059572,BUG,alt
2025-01-29,34.56,34.56,33.95,34.11,291100,BUG,alt
2025-01-30,34.45,34.77,34.3,34.5,285626,BUG,alt
2025-01-31,34.63,34.72,34.14,34.26,276025,BUG,alt
2025-02-03,33.67,34.369,33.55,34.23,235267,BUG,alt
2025-02-04,34.28,34.73,34.2077,34.71,333798,BUG,alt
2025-02-05,34.49,35.32,34.49,35.32,191301,BUG,alt
2025-02-06,35.13,35.155,34.71,34.79,324482,BUG,alt
2025-02-07,35.1,35.34,34.81,34.94,803175,BUG,alt
2025-02-10,35.22,35.48,35.0711,35.43,325799,BUG,alt
2025-02-11,35.25,35.39,35.0536,35.32,268792,BUG,alt
2025-02-12,35.075,35.44,34.85,35.35,162841,BUG,alt
2025-02-13,35.69,36.4885,35.62,36.46,963691,BUG,alt
2025-02-14,36.59,36.66,36.25,36.6,531919,BUG,alt
2025-02-18,36.69,36.81,36.4842,36.78,273847,BUG,alt
2025-02-19,36.72,36.72,36.24,36.58,219913,BUG,alt
2025-02-20,36.42,36.42,35.3619,35.79,260407,BUG,alt
2025-02-21,35.94,35.94,34.68,34.72,369042,BUG,alt
2025-02-24,34.94,34.94,33.91,34.37,376040,BUG,alt
2025-02-25,34.34,34.34,33.65,34.03,265188,BUG,alt
2025-02-26,34.15,34.55,34.0535,34.185,217165,BUG,alt
2025-02-27,34.38,34.435,33.56,33.59,249916,BUG,alt
2025-02-28,33.5,33.89,33.26,33.87,225047,BUG,alt
2025-03-03,34.16,34.29,33.167,33.33,226358,BUG,alt
2025-03-04,33.27,34.21,33.0,33.82,313358,BUG,alt
2025-03-05,33.64,34.2144,33.28,34.08,203931,BUG,alt
2025-03-06,33.8,34.37,33.3801,33.42,250500,BUG,alt
2025-03-07,33.34,33.64,32.47,33.38,281760,BUG,alt
2025-03-10,32.81,32.81,31.85,32.05,312313,BUG,alt
2025-03-11,32.07,32.89,32.07,32.45,210298,BUG,alt
2025-03-12,33.02,33.135,32.4908,32.79,263440,BUG,alt
2025-03-13,32.4,32.44,31.6296,31.7,321298,BUG,alt
2025-03-14,32.11,32.739,32.08,32.67,193243,BUG,alt
2025-03-17,32.85,33.8,32.85,33.62,191276,BUG,alt
2025-03-18,33.46,33.5099,33.059743,33.45,174860,BUG,alt
2025-03-19,33.51,34.11,33.3885,33.81,141950,BUG,alt
2025-03-20,33.44,33.8294,33.31,33.41,129961,BUG,alt
2025-03-21,33.1,33.51,32.87,33.43,335113,BUG,alt
2025-03-24,34.02,34.1,33.79,34.02,339375,BUG,alt
2025-03-25,34.07,34.49,34.07,34.48,249157,BUG,alt
2025-03-26,34.35,34.41,33.68,33.86,247332,BUG,alt
2025-03-27,33.76,33.81,33.3209,33.5,128369,BUG,alt
2025-03-28,33.32,33.44,32.5804,32.84,242087,BUG,alt
2025-03-31,32.18,32.38,31.651,32.34,533709,BUG,alt
2025-04-01,32.25,32.67,32.02,32.67,168440,BUG,alt
2025-04-02,32.17,33.0701,32.17,32.92,80648,BUG,alt
2025-04-03,31.63,32.21,31.2523,31.51,435146,BUG,alt
2025-04-04,30.78,30.96,29.83,30.13,717414,BUG,alt
2025-04-07,29.59,31.8799,29.07,30.52,468687,BUG,alt
2025-04-08,31.2,31.4927,29.53,29.9,591556,BUG,alt
2025-04-09,29.86,32.9492,29.75,32.8,572344,BUG,alt
2025-04-10,31.95,32.2,31.05,31.77,472643,BUG,alt
2025-04-11,31.95,32.5785,31.7036,32.54,169195,BUG,alt
2025-04-14,32.9,33.135,32.19,32.54,133550,BUG,alt
2025-04-15,32.56,32.99,32.56,32.91,451960,BUG,alt
2025-04-16,32.41,32.71,31.8524,32.14,310191,BUG,alt
2025-04-17,32.46,32.46,31.9501,32.02,179098,BUG,alt
2025-04-21,31.75,31.845,30.7777,31.04,157569,BUG,alt
2025-04-22,31.29,31.68,31.07,31.5,189986,BUG,alt
2025-04-23,32.23,32.63,31.98,32.04,2851598,BUG,alt
2025-04-24,32.19,33.13,32.15,33.03,252271,BUG,alt
2025-04-25,32.868,33.29,32.7601,33.27,235387,BUG,alt
2025-04-28,33.36,33.52,33.0135,33.43,144483,BUG,alt
2025-04-29,33.49,34.0997,33.44,34.0,357056,BUG,alt
2025-04-30,33.47,33.98,33.255,33.92,246111,BUG,alt
2025-05-01,34.14,34.201,33.75,33.79,211483,BUG,alt
2025-05-02,34.41,34.41,34.09,34.18,176563,BUG,alt
2025-05-05,34.0,34.77,34.0,34.55,271513,BUG,alt
2025-05-06,34.07,34.73,34.04,34.5,232379,BUG,alt
2025-05-07,34.35,34.58,34.0801,34.37,210559,BUG,alt
2025-05-08,34.15,34.36,33.8159,34.13,454711,BUG,alt
2025-05-09,33.99,33.99,33.31,33.58,230432,BUG,alt
2025-05-12,34.61,34.82,34.1725,34.81,309952,BUG,alt
2025-05-13,34.68,35.2699,34.62,34.96,346010,BUG,alt
2025-05-14,35.03,35.08,34.43,34.51,137130,BUG,alt
2025-05-15,34.4,34.72,34.2528,34.62,123957,BUG,alt
2025-05-16,34.71,34.97,34.62,34.91,209872,BUG,alt
2025-05-19,34.39,34.89,34.38,34.83,84115,BUG,alt
2025-05-20,34.73,34.91,34.63,34.89,114082,BUG,alt
2025-05-21,34.39,34.8327,34.0901,34.1,199831,BUG,alt
2025-05-22,34.2,34.92,34.14,34.7,129355,BUG,alt
2025-05-23,34.31,34.9499,34.16,34.77,149016,BUG,alt
2025-05-27,35.31,35.68,35.17,35.64,228694,BUG,alt
2025-05-28,35.23,35.23,34.77,34.82,216743,BUG,alt
2025-05-29,34.81,34.85,34.13,34.49,207490,BUG,alt
2025-05-30,34.6,34.98,34.4107,34.91,223506,BUG,alt
2025-06-02,34.89,35.5,34.64,35.49,171391,BUG,alt
2025-06-03,35.47,35.79,35.34,35.75,242882,BUG,alt
2025-06-04,35.7,36.03,35.5701,35.64,266359,BUG,alt
2025-06-05,35.77,36.1525,35.655,35.78,238648,BUG,alt
2025-06-06,36.1,36.26,35.8,36.21,162821,BUG,alt
2025-06-09,36.24,36.38,35.79,35.8,144040,BUG,alt
2025-06-10,35.8,35.99,35.4801,35.72,133265,BUG,alt
2025-06-11,36.01,36.26,35.758437,35.86,297847,BUG,alt
2025-06-12,35.82,36.32,35.82,36.06,170945,BUG,alt
2025-06-13,35.54,36.24,35.54,35.7,111668,BUG,alt
2025-06-16,35.9,36.51,35.83,36.26,144140,BUG,alt
2025-06-17,36.05,36.4383,35.92,36.23,121715,BUG,alt
2025-06-18,36.36,36.389,35.96,36.05,71895,BUG,alt
2025-06-20,36.19,36.2394,35.476,35.6,469538,BUG,alt
2025-06-23,35.52,36.43,35.06,36.39,788263,BUG,alt
2025-06-24,36.68,36.72,36.33,36.55,414713,BUG,alt
2025-06-25,36.94,37.5547,36.8,36.85,297650,BUG,alt
2025-06-26,36.89,37.08,36.59,37.01,232794,BUG,alt
2025-06-27,37.08,37.08,36.45,36.62,651038,BUG,alt
2025-06-30,36.78,37.12,36.71,37.1,487072,BUG,alt
2025-07-01,36.935,37.0225,35.9346,36.38,429542,BUG,alt
2025-07-02,36.32,36.3932,36.0702,36.31,196006,BUG,alt
2025-07-03,36.59,37.2392,36.57,37.14,245191,BUG,alt
2025-07-07,36.94,37.17,36.69,36.93,241823,BUG,alt
2025-07-08,37.09,37.1172,36.52,36.97,171398,BUG,alt
2025-07-09,37.13,37.44,36.86,37.41,202629,BUG,alt
2025-07-10,37.31,37.48,35.78,35.85,674801,BUG,alt
2025-07-11,35.635,35.77,34.709,34.78,640024,BUG,alt
2025-07-14,34.75,35.2999,34.57,35.18,315317,BUG,alt
2025-07-15,35.3,35.4,34.99,35.03,239926,BUG,alt
2025-07-16,35.1,35.3199,34.725,35.1,266181,BUG,alt
2025-07-17,35.1,35.5106,35.09,35.29,239699,BUG,alt
2025-07-18,35.33,35.65,35.27,35.47,226496,BUG,alt
2025-07-21,35.71,36.12,35.55,35.83,341651,BUG,alt
2025-07-22,35.87,35.97,35.51,35.58,173268,BUG,alt
2025-07-23,35.77,35.77,35.28,35.69,208160,BUG,alt
2025-07-24,35.69,35.7668,35.32,35.57,156477,BUG,alt
2025-07-25,35.68,35.955,35.5,35.69,134296,BUG,alt
2025-07-28,35.76,35.83,35.4,35.6,151765,BUG,alt
2025-07-29,35.75,36.0625,35.28,35.72,306249,BUG,alt
2025-07-30,35.63,35.64,34.7701,35.24,374051,BUG,alt
2025-07-31,35.45,35.6,34.6,34.65,558170,BUG,alt
2025-08-01,34.21,34.38,33.34,33.72,446146,BUG,alt
2025-08-04,34.01,34.44,34.0,34.41,168017,BUG,alt
2025-08-05,34.56,34.56,33.5601,33.57,188875,BUG,alt
2025-08-06,33.75,34.039,33.55,34.03,173091,BUG,alt
2025-08-07,33.77,33.87,32.16,32.78,560467,BUG,alt
2025-08-08,32.81,32.98,32.213,32.26,375530,BUG,alt
2025-08-11,32.2,32.7799,32.135,32.23,354205,BUG,alt
2025-08-12,32.37,33.23,32.37,33.19,385581,BUG,alt
2025-08-13,33.63,33.81,33.365,33.78,328058,BUG,alt
2025-08-14,33.47,33.72,32.96,33.03,178167,BUG,alt
2025-08-15,33.09,33.49,33.09,33.48,115337,BUG,alt
2025-08-18,33.59,33.6399,33.33,33.6,256945,BUG,alt
2025-08-19,33.92,34.05,33.33,33.47,391742,BUG,alt
2025-08-20,33.42,33.56,33.07,33.43,190350,BUG,alt
2025-08-21,33.32,33.3599,32.96,33.24,151229,BUG,alt
2025-08-22,33.39,34.1161,33.2,33.93,209061,BUG,alt
2025-08-25,34.21,34.21,33.49,33.51,172440,BUG,alt
2025-08-26,33.4,33.785,33.3,33.335,244485,BUG,alt
2025-08-27,33.52,33.93,33.5,33.84,212638,BUG,alt
2025-08-28,33.84,34.45,33.84,34.35,242963,BUG,alt
2025-08-29,34.49,34.63,34.085,34.23,165179,BUG,alt
2025-09-02,33.69,33.93,33.3576,33.65,196225,BUG,alt
2025-09-03,33.73,33.73,33.28,33.69,238381,BUG,alt
2025-09-04,33.72,33.73,33.11,33.65,247634,BUG,alt
2025-09-05,33.9,34.279,33.59,34.14,445454,BUG,alt
2025-09-08,34.33,34.75,34.13,34.74,356520,BUG,alt
2025-09-09,34.56,34.6587,34.2201,34.36,181914,BUG,alt
2025-09-10,34.61,34.64,33.64,33.74,258321,BUG,alt
2025-09-11,33.91,34.4096,33.91,34.38,714829,BUG,alt
2025-09-12,34.3,34.43,33.9028,34.03,185505,BUG,alt
2025-09-15,34.15,34.49,34.095,34.28,218765,BUG,alt
2025-09-16,34.31,34.34,33.87,34.15,204305,BUG,alt
2025-09-17,34.2,34.58,33.9,34.22,428498,BUG,alt
2025-09-18,34.76,35.3699,34.65,35.25,283553,BUG,alt
2025-09-19,35.49,35.55,35.1109,35.48,261403,BUG,alt
2025-09-22,35.41,35.82,35.12,35.75,217089,BUG,alt
2025-09-23,35.79,35.86,35.16,35.22,206205,BUG,alt
2025-09-24,35.25,35.53,34.802,34.9,281529,BUG,alt
2025-09-25,34.75,35.12,34.48,35.03,405131,BUG,alt
2025-09-26,35.06,35.47,34.98,35.38,216688,BUG,alt
2025-09-29,35.725,35.85,35.44,35.61,139860,BUG,alt
2025-09-30,35.64,35.64,34.9,35.19,214697,BUG,alt
2025-10-01,35.06,35.4,34.85,35.26,226977,BUG,alt
2025-10-02,35.47,35.59,35.2,35.54,226967,BUG,alt
2025-10-03,35.61,35.77,35.2201,35.31,216216,BUG,alt
2025-10-06,35.65,36.07,35.42,35.8,197188,BUG,alt
2025-10-07,35.82,35.82,34.66,34.88,350429,BUG,alt
2025-10-08,35.15,35.88,35.0,35.87,447400,BUG,alt
2025-10-09,35.82,35.98,35.3202,35.95,248423,BUG,alt
2025-10-10,35.96,36.135,34.6612,34.73,488208,BUG,alt
2025-10-13,35.22,35.2899,34.8,35.08,380901,BUG,alt
2025-10-14,34.64,34.81,34.24,34.54,171513,BUG,alt
2025-10-15,34.74,34.911817,34.315,34.54,277922,BUG,alt
2025-10-16,34.76,34.99,33.95,34.19,260909,BUG,alt
2025-10-17,33.92,34.256,33.85,34.18,130744,BUG,alt
2025-10-20,34.45,34.98,34.45,34.92,194809,BUG,alt
2025-10-21,34.87,35.5,34.79,35.39,143065,BUG,alt
2025-10-22,35.36,35.5,34.6584,34.95,225142,BUG,alt
2025-10-23,34.96,35.4,34.88,35.34,194723,BUG,alt
2025-10-24,35.56,35.865,35.46,35.6,210133,BUG,alt
2025-10-27,35.87,35.95,35.58,35.66,149443,BUG,alt
2025-10-28,35.78,36.1812,35.78,35.94,387322,BUG,alt
2025-10-29,35.0,35.0,33.775,33.95,471506,BUG,alt
2025-10-30,33.77,34.5143,33.7604,34.0,265141,BUG,alt
2025-10-31,34.15,34.5175,34.02,34.4,157370,BUG,alt
2025-11-03,34.43,34.58,34.06,34.51,151849,BUG,alt
2025-11-04,33.85,34.15,33.42,33.5,229886,BUG,alt
2025-11-05,33.58,33.69,33.37,33.58,230970,BUG,alt
2025-11-06,33.22,33.41,32.62,33.17,341608,BUG,alt
2025-11-07,32.79,33.3333,32.675,33.31,166556,BUG,alt
2025-11-10,33.6,33.93,33.35,33.85,362927,BUG,alt
2025-11-11,33.86,34.08,33.7,34.0,243577,BUG,alt
2025-11-12,34.05,34.15,33.35,33.42,241440,BUG,alt
2025-11-13,33.2,33.25,32.4401,32.53,218078,BUG,alt
2025-11-14,32.062,32.77,31.7906,32.64,203500,BUG,alt
2025-11-17,32.6,32.72,31.84,31.95,360772,BUG,alt
2025-11-18,31.77,32.0393,31.47,31.78,271851,BUG,alt
2025-11-19,31.715,31.8,31.46,31.51,182490,BUG,alt
2025-11-20,31.84,31.95,30.7001,30.76,815793,BUG,alt
2025-11-21,30.77,31.242,30.32,31.03,433304,BUG,alt
2025-11-24,31.1,31.27,31.0,31.1,270925,BUG,alt
2025-11-25,30.98,31.62,30.88,31.55,212049,BUG,alt
2025-11-26,31.46,31.46,31.04,31.13,232882,BUG,alt
2025-11-28,31.23,31.521,31.2012,31.45,121334,BUG,alt
2025-12-01,31.18,31.36,30.95,31.14,373161,BUG,alt
2025-12-02,31.41,31.625,31.295,31.43,289762,BUG,alt
2025-12-03,31.08,31.98,30.98,31.94,555945,BUG,alt
2025-12-04,31.96,32.1184,31.86,32.11,391799,BUG,alt
2025-12-05,32.23,32.59,31.97,32.08,313807,BUG,alt
2025-12-08,32.16,32.3534,31.9601,32.2,251013,BUG,alt
2025-12-09,31.935,32.4384,31.9,32.32,162607,BUG,alt
2025-12-10,32.26,32.75,32.13,32.52,286545,BUG,alt
2025-12-11,32.33,32.67,32.225,32.49,569386,BUG,alt
2025-12-12,32.46,32.46,31.92,32.01,298740,BUG,alt
2025-12-15,32.16,32.2227,31.2861,31.33,248507,BUG,alt
2025-12-16,31.17,31.555,31.15,31.49,290574,BUG,alt
2025-12-17,31.41,31.52,30.805,30.83,642301,BUG,alt
2025-12-18,31.2,31.4699,31.03,31.24,339303,BUG,alt
2025-12-19,31.26,31.4,31.0901,31.22,250498,BUG,alt
2025-12-22,31.26,31.72,31.18,31.49,255276,BUG,alt
2025-12-23,31.38,31.485,30.98,31.15,625388,BUG,alt
2025-12-24,31.12,31.15,30.9,31.15,298979,BUG,alt
2025-12-26,31.11,31.22,31.01,31.2,207920,BUG,alt
2025-12-29,30.91,31.22,30.84,30.94,306518,BUG,alt
2025-12-30,30.86,31.035,30.81,30.82,286519,BUG,alt
2025-12-31,30.76,30.785,30.445,30.46,339913,BUG,alt
2026-01-02,30.642,30.68,29.535,29.75,533781,BUG,alt
2026-01-05,29.85,30.49,29.8,30.07,372806,BUG,alt
2026-01-06,30.03,30.41,29.985,30.4,349150,BUG,alt
2026-01-07,30.4,31.18,30.36,31.05,544587,BUG,alt
2026-01-08,31.03,31.03,30.5,30.66,331511,BUG,alt
2026-01-09,30.7,30.845,30.38,30.67,287388,BUG,alt
2026-01-12,30.62,30.91,30.45,30.73,249412,BUG,alt
2026-01-13,30.76,30.94,30.27,30.5,434842,BUG,alt
2026-01-14,30.38,30.69,30.0583,30.3,532258,BUG,alt
2026-01-15,30.42,30.6511,30.1,30.19,514495,BUG,alt
2026-01-16,30.18,30.23,29.75,29.84,426840,BUG,alt
2026-01-20,29.29,29.655,29.06,29.13,635762,BUG,alt
2026-01-21,29.18,29.4,28.8801,29.24,620082,BUG,alt
2026-01-22,29.4,29.685,29.39,29.65,334233,BUG,alt
2026-01-23,29.82,30.06,29.67,29.71,447775,BUG,alt
2026-01-26,29.82,30.29,29.82,30.25,389238,BUG,alt
2026-01-27,30.49,30.8095,30.16,30.27,418671,BUG,alt
2026-01-28,30.37,30.54,29.96,29.96,397999,BUG,alt
2026-01-29,29.67,29.75,28.565,28.84,1093302,BUG,alt
2026-01-30,28.67,28.905,28.49,28.63,578172,BUG,alt
2026-02-02,28.58,28.98,28.35,28.67,655784,BUG,alt
2026-02-03,28.435,28.47,26.75,27.21,1154743,BUG,alt
2026-02-04,26.77,27.38,26.1638,27.18,2785519,BUG,alt
2026-02-05,27.1,27.43,26.08,26.26,1101629,BUG,alt
2026-02-06,26.69,27.045,26.25,26.94,891263,BUG,alt
